id,Model,ProductCode,PlannedQty,OTSTargeDate
1,GYG50,NB01,11,2020/10/9
2,HC131,NB12,100,2020/10/22
3,FS54A,NB12,300,2020/11/2
4,GL4A0,NB01,1,2020/10/20
5,GY55K,NB12,224,2020/10/1
6,GX3A1,NB01,10,2020/10/17
7,GYG50,NB01,1,2020/10/24
8,FYG50,NB12,1,2020/10/9
9,GP540,NB01,1,2020/10/9
10,GL4A0,NB01,3,2020/10/9
11,GX4A0,NB01,1,2020/10/9
12,GL4A0,NB01,23,2020/10/9
13,GYG91,NB12,50,2020/11/2
14,GT4A1,NB01,5,2020/10/9
15,GYG50,NB01,2,2020/10/9
16,GYG50,NB01,8,2020/10/9
17,GYG50,NB01,16,2020/10/9
18,GT4A1,NB01,2,2020/10/9
19,HC131,NB12,300,2020/10/22
20,HC131,NB12,300,2020/10/22
21,HC131,NB12,300,2020/10/22
22,HC131,NB12,100,2020/10/22
23,HC131,NB12,300,2020/10/22
24,HC131,NB12,300,2020/10/22
25,HC131,NB12,300,2020/10/22
26,HC131,NB12,100,2020/10/22
27,GE420,NB01,1,2020/9/20
28,FP530,NB01,2,2020/9/22
29,FE5A0,NB01,2,2020/9/21
30,FS54A,NB12,156,2020/11/2
31,FS54A,NB12,177,2020/11/2
32,FS54A,NB12,300,2020/11/2
33,FS54A,NB12,267,2020/11/2
34,FYG50,NB12,5,2020/10/1
35,GV551,NB12,75,2020/11/2
36,GS450,NB12,300,2020/11/2
37,GS450,NB12,300,2020/11/2
38,GS450,NB12,50,2020/11/2
39,FYG50,NB12,45,2020/10/1
40,GS454,NB12,72,2020/11/2
41,GL4A0,NB01,1,2020/10/20
42,GL5A0,NB01,8,2020/10/20
43,GL5A0,NB01,4,2020/10/20
44,GT4A0,NB01,10,2020/10/20
45,GL4A0,NB01,10,2020/10/20
46,GL4A0,NB01,4,2020/10/20
47,GL4A0,NB01,2,2020/10/20
48,GT4A0,NB01,10,2020/10/20
49,GT4A0,NB01,50,2020/10/20
50,GT4A0,NB01,2,2020/10/20
51,GT4A0,NB01,2,2020/10/20
52,GY55K,NB12,224,2020/10/1
53,GY55K,NB12,224,2020/10/1
54,GY55K,NB12,224,2020/10/1
55,GY55K,NB12,224,2020/10/1
56,GY55K,NB12,224,2020/10/1
57,GY55K,NB12,224,2020/10/1
58,GY55K,NB12,224,2020/10/1
59,GY55K,NB12,224,2020/10/1
60,GY55K,NB12,224,2020/10/1
61,GY55K,NB12,224,2020/10/1
62,GL4A0,NB01,5,2020/10/17
63,GL5A0,NB01,1,2020/10/17
64,GL4A0,NB01,5,2020/10/17
65,GL4A0,NB01,3,2020/10/17
66,GL4A0,NB01,4,2020/10/17
67,GL4A0,NB01,2,2020/10/18
68,GL4A0,NB01,2,2020/10/18
69,GL4A0,NB01,78,2020/10/18
70,GL4A0,NB01,1,2020/10/19
71,GL4A0,NB01,50,2020/10/19
72,GL4A0,NB01,50,2020/10/19
73,GX4A0,NB01,1,2020/10/9
74,HC150,NB12,300,2020/10/27
75,GY535,NB12,25,2020/7/30
76,GT4A0,NB01,2,2020/10/20
77,GS55E,NB12,40,2020/9/15
78,GL4A0,NB01,43,2020/10/19
79,GL4A0,NB01,20,2020/10/9
80,GL4A0,NB01,50,2020/10/9
81,GT4A1,NB01,1,2020/10/9
82,GT4A1,NB01,1,2020/10/9
83,GL4A0,NB01,60,2020/10/9
84,GL4A0,NB01,25,2020/10/9
85,GX4A0,NB01,1,2020/10/9
86,GX4A0,NB01,50,2020/10/9
87,GL4A0,NB01,30,2020/10/9
88,GX4A0,NB01,12,2020/10/9
89,GL4A0,NB01,30,2020/10/9
90,HC150,NB12,300,2020/10/27
91,HC150,NB12,173,2020/10/27
92,HC150,NB12,300,2020/10/27
93,HC150,NB12,300,2020/10/27
94,HC150,NB12,300,2020/10/27
95,HC150,NB12,300,2020/10/27
96,HC150,NB12,300,2020/10/27
97,HC150,NB12,228,2020/10/27
98,HC150,NB12,300,2020/10/27
99,HC150,NB12,276,2020/10/27
100,FYG50,NB12,30,2020/10/1
101,FY515,NB12,126,2020/7/27
102,FY515,NB12,2,2020/7/27
103,FY515,NB12,124,2020/7/27
104,FYG50,NB12,50,2020/10/1
105,FYG50,NB12,45,2020/10/1
106,GS450,NB12,168,2020/11/2
107,GS540,NB12,225,2020/11/2
108,FYG80,NB12,69,2020/10/2
109,FYG80,NB12,69,2020/10/1
110,FYG80,NB12,69,2020/10/2
111,GY510,NB12,2,2020/10/22
112,GL5A0,NB01,30,2020/10/20
113,GL4A0,NB01,2,2020/10/20
114,GL4A0,NB01,120,2020/10/20
115,GL4A0,NB01,150,2020/10/20
116,GT4A0,NB01,1,2020/10/20
117,GL4A0,NB01,150,2020/10/20
118,GT4A0,NB01,20,2020/10/20
119,GT4A0,NB01,10,2020/10/20
120,GT4A0,NB01,5,2020/10/20
121,GT4A0,NB01,20,2020/10/20
122,GS55E,NB12,240,2020/11/2
123,GS55E,NB12,240,2020/11/2
124,GS55E,NB12,240,2020/11/2
125,GS55E,NB12,240,2020/11/2
126,GS55E,NB12,240,2020/11/2
127,GS55E,NB12,240,2020/11/2
128,GS55E,NB12,240,2020/11/2
129,GS55E,NB12,240,2020/11/2
130,GS55E,NB12,240,2020/11/2
131,GS55E,NB12,240,2020/11/2
132,GS55E,NB12,240,2020/11/2
133,GL4A0,NB01,75,2020/10/9
134,HC150,NB12,300,2020/10/27
135,FYG80,NB12,69,2020/10/2
136,GY510,NB12,10,2020/10/22
137,GS55E,NB12,240,2020/11/2
138,GX4A0,NB01,1,2020/10/9
139,GL4A0,NB01,1,2020/10/9
140,GL4A0,NB01,5,2020/10/9
141,GL4A0,NB01,21,2020/10/9
142,GL4A0,NB01,42,2020/10/9
143,GL4A0,NB01,5,2020/10/9
144,GX4A0,NB01,5,2020/10/9
145,FYG50,NB12,1,2020/10/9
146,GYG50,NB01,2,2020/10/9
147,GYG50,NB01,198,2020/10/9
148,GY750,NB12,1,2020/11/2
149,HC150,NB12,130,2020/10/27
150,GS454,NB12,1,2020/9/24
151,FX490,NB01,220,2020/10/9
152,GY55H,NB12,100,2020/10/2
153,FYG80,NB12,5,2020/10/2
154,GV550,NB12,2,2020/11/2
155,FE4A0,NB01,50,2020/9/24
156,FE4A0,NB01,80,2020/9/25
157,FE4A0,NB01,40,2020/9/25
158,FE4A0,NB01,80,2020/9/25
159,FE4A0,NB01,50,2020/9/25
160,FE4A0,NB01,65,2020/9/25
161,GYG50,NB01,2,2020/10/9
162,FE4A0,NB01,22,2020/9/23
163,GYG50,NB01,40,2020/10/9
164,GL4A0,NB01,10,2020/10/9
165,GL4A0,NB01,21,2020/10/10
166,HC150,NB12,3,2020/10/10
167,GYG50,NB01,2,2020/10/10
168,GYG50,NB01,2,2020/10/10
169,FYG50,NB12,1,2020/10/11
170,FE595,NB01,1,2020/10/11
171,GYG50,NB01,1,2020/10/11
172,GV451,NB12,3,2020/11/2
173,GYG50,NB01,2,2020/10/11
174,FE4A0,NB01,2,2020/9/23
175,GT4A0,NB01,10,2020/9/24
176,FE4A0,NB01,8,2020/9/24
177,GV550,NB12,3,2020/11/2
178,GE420,NB01,1,2020/9/24
179,FE4A0,NB01,1,2020/9/26
180,FE4A0,NB01,1,2020/9/26
181,FE4A0,NB01,9,2020/9/28
182,FE4A0,NB01,1,2020/9/28
183,FE4A0,NB01,10,2020/9/26
184,FE4A0,NB01,9,2020/9/26
185,FE4A0,NB01,1,2020/9/27
186,FYG80,NB12,20,2020/10/2
187,GS550,NB12,10,2020/10/2
188,FY515,NB12,42,2020/7/30
189,FYG50,NB12,5,2020/10/1
190,FYG80,NB12,186,2020/10/2
191,GS554,NB12,189,2020/10/2
192,FYG80,NB12,20,2020/10/2
193,GV551,NB12,29,2020/9/7
194,FYG50,NB12,50,2020/10/1
195,FYG50,NB12,50,2020/10/1
196,FYG41,NB12,50,2020/10/22
197,FYG50,NB12,40,2020/10/1
198,GP740,NB01,300,2020/10/12
199,FE4A0,NB01,4,2020/9/27
200,FYG50,NB12,40,2020/10/1
201,GP740,NB01,35,2020/10/12
202,GL4A0,NB01,30,2020/10/11
203,GL4A0,NB01,2,2020/10/11
204,FYG80,NB12,1,2020/10/11
205,GL4A0,NB01,1,2020/10/11
206,GT4A1,NB01,12,2020/10/11
207,FYG50,NB12,1,2020/10/11
208,FYG50,NB12,1,2020/10/11
209,FL590,NB01,1,2020/10/11
210,GT4A1,NB01,1,2020/10/11
211,GT4A1,NB01,1,2020/10/11
212,GYG50,NB01,6,2020/10/11
213,FE4A0,NB01,11,2020/9/29
214,FE4A0,NB01,1,2020/9/27
215,GYGB0,NB12,25,2020/11/13
216,GYGB0,NB12,30,2020/11/2
217,GYGB0,NB12,2,2020/11/2
218,GYGB0,NB12,123,2020/11/2
219,FE4A0,NB01,2,2020/9/28
220,GT4A0,NB01,7,2020/9/28
221,GT4A0,NB01,1,2020/9/28
222,FE4A0,NB01,1,2020/9/28
223,FE4A0,NB01,1,2020/9/28
224,GT4A1,NB01,1,2020/10/11
225,FE4A0,NB01,1,2020/9/30
226,GP540,NB01,1,2020/10/12
227,GX4A0,NB01,1,2020/10/12
228,GX4A0,NB01,1,2020/10/12
229,FYG50,NB12,4,2020/10/12
230,GL4A0,NB01,1,2020/10/12
231,GT4A1,NB01,2,2020/10/12
232,GYG50,NB01,2,2020/10/12
233,GT4A1,NB01,1,2020/10/12
234,GX4A0,NB01,1,2020/10/12
235,GT4A1,NB01,2,2020/10/12
236,FYG50,NB12,1,2020/10/12
237,HC150,NB12,2,2020/10/12
238,GT4A0,NB01,1,2020/10/20
239,GL4A0,NB01,2,2020/10/20
240,GL4A0,NB01,1,2020/10/20
241,GL4A0,NB01,10,2020/10/22
242,GL4A0,NB01,123,2020/10/21
243,GL4A0,NB01,132,2020/10/21
244,GX4A0,NB01,78,2020/10/21
245,GL4A0,NB01,3,2020/10/21
246,GL4A0,NB01,6,2020/10/21
247,GL4A0,NB01,1,2020/10/21
248,GS55E,NB12,240,2020/11/2
249,GS55E,NB12,240,2020/11/2
250,GS55E,NB12,240,2020/11/2
251,GS55E,NB12,240,2020/11/2
252,GS55E,NB12,240,2020/11/2
253,GS55E,NB12,240,2020/11/2
254,GS55E,NB12,240,2020/11/2
255,GS55E,NB12,240,2020/11/2
256,GS55E,NB12,240,2020/11/2
257,GS55E,NB12,240,2020/11/2
258,GL4A0,NB01,66,2020/10/20
259,GT4A0,NB01,1,2020/10/20
260,FYG80,NB12,1,2020/10/20
261,GL4A0,NB01,13,2020/10/21
262,GT4A0,NB01,6,2020/10/21
263,GT4A0,NB01,4,2020/10/21
264,GP540,NB01,3,2020/10/21
265,GT4A0,NB01,17,2020/10/21
266,GL5A0,NB01,1,2020/10/21
267,GL4A0,NB01,1,2020/10/21
268,FYG80,NB12,20,2020/11/2
269,GL5A5,NB01,6,2020/8/6
270,GV551,NB12,300,2020/11/2
271,GV551,NB12,78,2020/11/2
272,GV551,NB12,150,2020/11/2
273,GV551,NB12,180,2020/11/2
274,GY530,NB12,2,2020/10/1
275,GV551,NB12,200,2020/11/2
276,FYG41,NB12,15,2020/11/2
277,FYG41,NB12,20,2020/11/2
278,FYG41,NB12,10,2020/11/2
279,FE4A0,NB01,1,2020/9/30
280,FE4A0,NB01,1,2020/9/28
281,GYGB0,NB12,35,2020/11/13
282,HS355,NB12,25,2020/11/2
283,FE4A0,NB01,1,2020/9/29
284,GYGB0,NB12,30,2020/11/2
285,GX4A0,NB01,3,2020/10/1
286,GYG50,NB01,4,2020/10/1
287,GX4A0,NB01,10,2020/10/1
288,FE4A0,NB01,1,2020/9/29
289,GT4A0,NB01,2,2020/9/29
290,GL5A0,NB01,8,2020/10/12
291,FYG50,NB12,5,2020/10/12
292,GX4A0,NB01,10,2020/10/12
293,GT4A1,NB01,9,2020/10/13
294,GT4A1,NB01,1,2020/10/13
295,GT4A1,NB01,1,2020/10/13
296,FYG50,NB12,1,2020/10/13
297,GP540,NB01,5,2020/10/15
298,GYG50,NB01,5,2020/10/13
299,GL5A0,NB01,5,2020/10/13
300,FYG50,NB12,1,2020/10/13
301,GL4A0,NB01,1,2020/10/13
302,GX4A0,NB01,5,2020/9/29
303,GS450,NB12,300,2020/11/2
304,GL5A0,NB01,1,2020/10/21
305,GS55E,NB12,240,2020/11/2
306,GS55E,NB12,240,2020/11/2
307,GS55E,NB12,240,2020/11/2
308,GS55E,NB12,240,2020/11/2
309,GS55E,NB12,240,2020/11/2
310,GS55E,NB12,240,2020/11/2
311,GL5A0,NB01,3,2020/10/21
312,GT4A0,NB01,50,2020/10/21
313,GP4A0,NB01,3,2020/10/21
314,GP4A0,NB01,2,2020/10/21
315,GT4A0,NB01,20,2020/10/21
316,GT4A0,NB01,10,2020/10/21
317,GT4A0,NB01,10,2020/10/21
318,GT4A0,NB01,2,2020/10/21
319,GT4A0,NB01,6,2020/10/21
320,GT4A0,NB01,4,2020/10/21
321,GS554,NB12,3,2020/10/26
322,GV550,NB12,1,2020/9/7
323,GE520,NB01,10,2020/8/11
324,FYG41,NB12,20,2020/11/2
325,FYG41,NB12,15,2020/11/2
326,FYG50,NB12,10,2020/10/1
327,FG741,NB12,19,2020/10/1
328,FYG80,NB12,4,2020/11/2
329,FYG41,NB12,8,2020/11/2
330,FY515,NB12,1,2020/11/2
331,FY515,NB12,2,2020/10/15
332,GT4A0,NB01,2,2020/9/30
333,GX4A0,NB01,4,2020/10/2
334,GL4A0,NB01,34,2020/9/30
335,GL4A0,NB01,19,2020/10/2
336,GT4A0,NB01,8,2020/9/30
337,GT4A0,NB01,6,2020/9/30
338,GT4A0,NB01,1,2020/10/2
339,GT4A0,NB01,1,2020/10/3
340,GT4A0,NB01,1,2020/10/3
341,GT4A0,NB01,1,2020/10/3
342,GL4A0,NB01,1,2020/10/13
343,GYG50,NB01,1,2020/10/13
344,GT4A1,NB01,1,2020/10/13
345,GY559,NB12,170,2020/11/2
346,FYG50,NB12,1,2020/10/13
347,GT4A1,NB01,2,2020/10/13
348,GX4A0,NB01,1,2020/10/13
349,FP730,NB01,15,2020/10/13
350,FYG80,NB12,124,2020/11/2
351,GL4A0,NB01,12,2020/10/13
352,GT4A1,NB01,2,2020/10/13
353,GT4A1,NB01,3,2020/10/13
354,GT4A0,NB01,1,2020/10/3
355,FY515,NB12,300,2020/10/15
356,GL5A0,NB01,10,2020/10/21
357,FX490,NB01,8,2020/11/10
358,GL4A0,NB01,3,2020/10/24
359,GX4A0,NB01,1,2020/10/24
360,GT4A0,NB01,5,2020/10/24
361,GT4A0,NB01,75,2020/10/24
362,GT4A0,NB01,90,2020/10/24
363,GT4A0,NB01,90,2020/10/24
364,GT4A0,NB01,90,2020/10/24
365,GT4A0,NB01,90,2020/10/24
366,GYG50,NB01,1,2020/10/24
367,GX4A0,NB01,50,2020/11/23
368,GYG50,NB01,1,2020/10/24
369,FX490,NB01,96,2020/11/10
370,FX490,NB01,96,2020/11/10
371,GY55K,NB12,224,2020/11/1
372,GY55K,NB12,224,2020/11/1
373,GY55K,NB12,224,2020/11/1
374,GY55K,NB12,224,2020/11/1
375,GY554,NB12,170,2020/10/1
376,GY55K,NB12,224,2020/10/1
377,GY55K,NB12,224,2020/10/1
378,GY55K,NB12,224,2020/10/1
379,GV450,NB12,300,2020/11/3
380,GT4A0,NB01,120,2020/10/21
381,GL5A0,NB01,8,2020/10/21
382,GL5A0,NB01,4,2020/10/21
383,GT4A0,NB01,27,2020/10/21
384,GT4A0,NB01,5,2020/10/21
385,GT4A0,NB01,1,2020/10/21
386,GL5A0,NB01,2,2020/10/21
387,GP54G,NB01,5,2020/11/17
388,GP54G,NB01,5,2020/11/17
389,GP54G,NB01,5,2020/11/17
390,GT4A0,NB01,20,2020/10/22
391,FY515,NB12,98,2020/10/15
392,FY515,NB12,1,2020/11/2
393,FY515,NB12,1,2020/11/2
394,GS454,NB12,34,2020/8/25
395,FY515,NB12,1,2020/11/2
396,GY559,NB12,33,2020/10/28
397,GS55D,NB12,33,2020/11/2
398,GY55B,NB12,84,2020/10/28
399,FYG80,NB12,20,2020/11/2
400,GY535,NB12,10,2020/10/2
401,FYG41,NB12,120,2020/11/2
402,GT4A0,NB01,1,2020/10/3
403,GT4A0,NB01,1,2020/10/3
404,GT4A0,NB01,1,2020/10/3
405,GT4A0,NB01,1,2020/10/3
406,GT4A0,NB01,1,2020/10/3
407,GT4A0,NB01,1,2020/10/3
408,GT4A0,NB01,1,2020/10/3
409,GT4A0,NB01,1,2020/10/3
410,GT4A0,NB01,1,2020/10/3
411,GT4A0,NB01,1,2020/10/3
412,GT4A1,NB01,1,2020/10/13
413,GT4A1,NB01,1,2020/10/13
414,GT4A1,NB01,15,2020/10/14
415,GL4A0,NB01,30,2020/10/16
416,GL4A0,NB01,21,2020/10/14
417,GT4A1,NB01,1,2020/10/14
418,GT4A1,NB01,1,2020/10/14
419,GT4A1,NB01,1,2020/10/14
420,GL4A0,NB01,30,2020/10/16
421,FYG50,NB12,1,2020/10/14
422,GT4A1,NB01,1,2020/10/14
423,GL4A0,NB01,2,2020/10/14
424,GT4A0,NB01,1,2020/10/3
425,FY515,NB12,30,2020/10/15
426,GT4A0,NB01,3,2020/10/21
427,GV450,NB12,50,2020/11/3
428,GX4A0,NB01,35,2020/10/26
429,GT4A1,NB01,1,2020/10/14
430,GT5A1,NB01,25,2020/10/15
431,FYG41,NB12,1,2020/10/15
432,GL4A0,NB01,1,2020/10/15
433,FYG50,NB12,2,2020/10/15
434,GT4A0,NB01,2,2020/10/15
435,GT4A0,NB01,300,2020/10/15
436,GT4A0,NB01,101,2020/10/15
437,GYGB0,NB12,1,2020/10/21
438,FE595,NB01,3,2020/10/15
439,FYG80,NB12,1,2020/10/15
440,GT4A0,NB01,1,2020/10/3
441,GT4A0,NB01,1,2020/10/3
442,GT4A0,NB01,1,2020/10/3
443,GT4A0,NB01,1,2020/10/3
444,GT4A0,NB01,1,2020/10/3
445,GT4A0,NB01,1,2020/10/3
446,GL4A0,NB01,1,2020/10/5
447,GT4A0,NB01,4,2020/10/3
448,HC131,NB12,5,2020/10/29
449,HC131,NB12,5,2020/10/29
450,GYGB0,NB12,100,2020/11/2
451,FY515,NB12,30,2020/10/26
452,GY530,NB12,30,2020/10/28
453,FYG80,NB12,200,2020/10/15
454,FYG41,NB12,40,2020/11/2
455,FYG41,NB12,10,2020/11/2
456,FYG80,NB12,100,2020/10/2
457,GE520,NB01,300,2020/8/18
458,GE520,NB01,20,2020/8/18
459,GY55H,NB12,25,2020/10/28
460,GY55H,NB12,10,2020/10/28
461,GY530,NB12,12,2020/10/28
462,GY55B,NB12,4,2020/10/28
463,GT4A0,NB01,5,2020/10/21
464,GT4A0,NB01,15,2020/10/22
465,GT4A0,NB01,2,2020/10/22
466,GT4A0,NB01,6,2020/10/22
467,GT4A0,NB01,10,2020/10/22
468,GT4A0,NB01,5,2020/10/22
469,GT4A0,NB01,10,2020/10/22
470,GT4A0,NB01,10,2020/10/22
471,GT4A0,NB01,20,2020/10/22
472,GT4A0,NB01,3,2020/10/22
473,GV451,NB12,300,2020/10/2
474,GV451,NB12,300,2020/10/2
475,GV451,NB12,50,2020/10/2
476,GY552,NB12,224,2020/11/1
477,GY552,NB12,224,2020/11/1
478,GY552,NB12,224,2020/11/1
479,GY552,NB12,224,2020/11/1
480,GY552,NB12,224,2020/11/1
481,GY552,NB12,224,2020/11/1
482,GY552,NB12,192,2020/11/1
483,GX4A0,NB01,96,2020/10/26
484,GX4A0,NB01,96,2020/10/26
485,GX4A0,NB01,96,2020/10/26
486,GX4A0,NB01,96,2020/10/26
487,GT4A0,NB01,2,2020/10/26
488,GX4A0,NB01,96,2020/10/26
489,GYG50,NB01,3,2020/10/28
490,GT4A0,NB01,1,2020/10/25
491,GL4A0,NB01,4,2020/10/25
492,GL4A0,NB01,1,2020/10/25
493,GT4A0,NB01,10,2020/10/27
494,FYG80,NB12,1,2020/10/15
495,GL4A0,NB01,2,2020/10/6
496,GY55B,NB12,6,2020/10/28
497,GT4A0,NB01,5,2020/10/22
498,HS550,NB12,120,2020/10/1
499,GT4A0,NB01,15,2020/10/27
500,FYG50,NB12,1,2020/10/16
501,GT4A0,NB01,20,2020/10/16
502,GT4A0,NB01,20,2020/10/16
503,FYG50,NB12,1,2020/10/16
504,FYG50,NB12,1,2020/10/17
505,FYG80,NB12,1,2020/10/17
506,FYG50,NB12,1,2020/10/17
507,FYG50,NB12,1,2020/10/17
508,GT4A0,NB01,15,2020/10/17
509,GT4A0,NB01,15,2020/10/17
510,GT4A0,NB01,25,2020/10/17
511,GT4A0,NB01,10,2020/10/17
512,GT4A0,NB01,20,2020/10/17
513,GT4A0,NB01,1,2020/10/27
514,GT4A0,NB01,1,2020/10/26
515,GX4A0,NB01,96,2020/10/28
516,GX4A0,NB01,96,2020/10/28
517,GX4A0,NB01,96,2020/10/28
518,GX4A0,NB01,96,2020/10/28
519,GT4A0,NB01,37,2020/10/28
520,GT4A0,NB01,90,2020/10/28
521,GT4A0,NB01,90,2020/10/28
522,GT4A0,NB01,90,2020/10/28
523,GT4A0,NB01,90,2020/10/28
524,GT4A0,NB01,15,2020/10/17
525,GT4A0,NB01,10,2020/10/17
526,GT4A0,NB01,15,2020/10/17
527,GT4A0,NB01,30,2020/10/17
528,GT4A0,NB01,20,2020/10/17
529,GT4A0,NB01,10,2020/10/17
530,GT4A0,NB01,33,2020/10/17
531,GT4A0,NB01,10,2020/10/17
532,GL5A5,NB01,300,2020/10/17
533,GL5A5,NB01,300,2020/10/17
534,GS55J,NB12,100,2020/10/9
535,GT4A1,NB01,1,2020/10/4
536,GL4A0,NB01,1,2020/10/7
537,GYG51,NB12,2,2020/11/2
538,GYG51,NB12,148,2020/11/2
539,GYG51,NB12,100,2020/11/2
540,GYG51,NB12,50,2020/11/2
541,GT4A0,NB01,10,2020/10/5
542,GL5A0,NB01,3,2020/11/12
543,GL4A0,NB01,2,2020/10/8
544,GT4A0,NB01,14,2020/10/9
545,GT4A0,NB01,4,2020/10/9
546,GY530,NB12,3,2020/10/28
547,GY530,NB12,5,2020/10/28
548,GY55H,NB12,15,2020/10/28
549,GY530,NB12,3,2020/10/28
550,GY55H,NB12,15,2020/10/28
551,FY515,NB12,1,2020/11/2
552,FG542,NB12,5,2020/10/20
553,GL4A5,NB01,1,2020/8/24
554,GS450,NB12,300,2020/11/2
555,GS450,NB12,108,2020/11/2
556,GY55D,NB12,99,2020/10/28
557,GT4A0,NB01,2,2020/10/22
558,GT4A0,NB01,15,2020/10/22
559,GYG50,NB01,12,2020/11/13
560,GX4A0,NB01,10,2020/11/13
561,GYG50,NB01,25,2020/10/26
562,GYG50,NB01,25,2020/10/24
563,GL5A0,NB01,1,2020/10/22
564,GL5A0,NB01,1,2020/10/24
565,GY510,NB12,3,2020/10/24
566,DMX3A,NB01,1,2020/11/13
567,GT4A0,NB01,6,2020/10/24
568,GP54G,NB01,5,2020/11/18
569,HS550,NB12,120,2020/10/1
570,HS550,NB12,120,2020/10/1
571,HS550,NB12,120,2020/10/1
572,HS550,NB12,120,2020/10/1
573,HS550,NB12,120,2020/10/1
574,HS550,NB12,120,2020/10/1
575,HS550,NB12,120,2020/10/1
576,HS550,NB12,120,2020/10/1
577,HS550,NB12,120,2020/10/1
578,HS550,NB12,120,2020/10/1
579,HS550,NB12,120,2020/10/1
580,HS550,NB12,120,2020/10/1
581,GL5A5,NB01,240,2020/10/17
582,GT4A1,NB01,2,2020/10/9
583,GY55F,NB12,20,2020/10/28
584,GP54G,NB01,5,2020/11/18
585,HS550,NB12,120,2020/10/1
586,GT4A0,NB01,90,2020/10/28
587,GS554,NB12,33,2020/10/31
588,GT4A0,NB01,20,2020/10/18
589,FYG50,NB12,1,2020/10/18
590,GP540,NB01,1,2020/10/18
591,FYG50,NB12,1,2020/10/18
592,FYG50,NB12,1,2020/10/18
593,GP540,NB01,1,2020/10/18
594,FYG41,NB12,1,2020/10/18
595,GL5A0,NB01,5,2020/10/18
596,FYG80,NB12,1,2020/10/18
597,FP530,NB01,5,2020/10/19
598,FYG80,NB12,1,2020/10/19
599,FE595,NB01,5,2020/10/9
600,FYG41,NB12,1,2020/10/9
601,GYG51,NB12,70,2020/11/2
602,GS750,NB12,1,2020/10/9
603,GL4A0,NB01,19,2020/10/9
604,GS750,NB12,1,2020/10/9
605,GS750,NB12,1,2020/10/9
606,GYG50,NB01,1,2020/10/9
607,GL4A0,NB01,1,2020/10/9
608,FE595,NB01,1,2020/10/9
609,FE595,NB01,1,2020/10/9
610,FE595,NB01,1,2020/10/9
611,GY55D,NB12,10,2020/10/28
612,GY55R,NB12,20,2020/10/28
613,GY55D,NB12,10,2020/10/28
614,HC150,NB12,1,2020/10/1
615,HC110,NB12,20,2020/11/1
616,HC130,NB12,10,2020/11/2
617,HC130,NB12,10,2020/11/2
618,HC150,NB12,2,2020/10/1
619,HC150,NB12,1,2020/10/1
620,GV451,NB12,264,2020/10/15
621,GV451,NB12,300,2020/11/2
622,GV451,NB12,300,2020/11/2
623,GT4A0,NB01,10,2020/10/24
624,GL4A0,NB01,50,2020/10/24
625,GYG50,NB01,1,2020/10/24
626,GT4A0,NB01,10,2020/10/24
627,GL4A0,NB01,1,2020/10/24
628,GT4A1,NB01,1,2020/10/25
629,GL5A0,NB01,1,2020/10/24
630,GT4A0,NB01,3,2020/10/24
631,GT4A0,NB01,1,2020/10/24
632,GP540,NB01,24,2020/10/24
633,GL5A0,NB01,1,2020/10/24
634,HS550,NB12,120,2020/10/1
635,HS550,NB12,120,2020/10/1
636,HS550,NB12,120,2020/10/1
637,HS550,NB12,120,2020/10/1
638,HS550,NB12,120,2020/10/1
639,HS550,NB12,120,2020/10/1
640,HS550,NB12,120,2020/10/1
641,HS550,NB12,120,2020/10/1
642,HS550,NB12,120,2020/10/1
643,HS550,NB12,120,2020/10/1
644,HS550,NB12,120,2020/10/1
645,HS550,NB12,120,2020/10/1
646,GT4A0,NB01,1,2020/10/28
647,GT4A0,NB01,3,2020/10/28
648,FL490,NB01,90,2020/10/28
649,GT4A0,NB01,1,2020/10/29
650,GP4A0,NB01,90,2020/10/29
651,GX4A0,NB01,1,2020/10/28
652,GT4A0,NB01,1,2020/10/31
653,GX3A1,NB01,40,2020/11/2
654,GY510,NB12,1,2020/11/2
655,GY510,NB12,1,2020/11/2
656,GL4A0,NB01,40,2020/11/2
657,FYG50,NB12,1,2020/10/19
658,FE595,NB01,1,2020/10/9
659,GV451,NB12,16,2020/11/2
660,GT4A0,NB01,1,2020/10/24
661,HS550,NB12,120,2020/10/1
662,GL4A0,NB01,2,2020/11/2
663,GL4A0,NB01,88,2020/11/2
664,GL4A0,NB01,2,2020/11/2
665,GL4A0,NB01,88,2020/11/2
666,GP540,NB01,1,2020/11/2
667,GP540,NB01,22,2020/11/2
668,GP540,NB01,1,2020/11/2
669,GX3A1,NB01,3,2020/11/2
670,GX3A1,NB01,2,2020/11/2
671,GP540,NB01,30,2020/11/2
672,GP540,NB01,9,2020/11/2
673,GP540,NB01,9,2020/11/2
674,HS550,NB12,120,2020/10/1
675,HS550,NB12,120,2020/10/1
676,HS550,NB12,120,2020/10/1
677,HS550,NB12,120,2020/10/1
678,HS550,NB12,120,2020/10/1
679,HS550,NB12,120,2020/10/1
680,HS550,NB12,120,2020/10/1
681,HS550,NB12,120,2020/10/1
682,HS550,NB12,120,2020/10/1
683,HS550,NB12,120,2020/10/1
684,HS550,NB12,120,2020/10/1
685,HS550,NB12,120,2020/10/1
686,GL5A0,NB01,1,2020/10/24
687,GL5A0,NB01,1,2020/10/24
688,GL5A0,NB01,1,2020/10/24
689,GT4A0,NB01,10,2020/10/24
690,GT4A0,NB01,8,2020/10/24
691,GT4A0,NB01,1,2020/10/24
692,GT4A0,NB01,1,2020/10/24
693,GT4A0,NB01,30,2020/10/24
694,GP54G,NB01,1,2020/11/27
695,GL5A0,NB01,1,2020/10/25
696,GT4A0,NB01,20,2020/10/25
697,HC130,NB12,10,2020/11/2
698,GL4A5,NB01,2,2020/8/30
699,GV451,NB12,300,2020/10/1
700,GV451,NB12,204,2020/10/1
701,FYG41,NB12,32,2020/11/2
702,GE520,NB01,200,2020/8/31
703,GL5A5,NB01,60,2020/8/31
704,GYGB0,NB12,100,2020/10/1
705,GYGB0,NB12,50,2020/10/1
706,GL4A5,NB01,1,2020/8/31
707,GYGB0,NB12,50,2020/10/1
708,FE595,NB01,1,2020/10/9
709,FE595,NB01,1,2020/10/9
710,FE595,NB01,1,2020/10/9
711,FE595,NB01,1,2020/10/9
712,FE595,NB01,1,2020/10/9
713,FE595,NB01,1,2020/10/9
714,FE595,NB01,1,2020/10/10
715,FE595,NB01,1,2020/10/10
716,GX4A0,NB01,10,2020/10/12
717,FE595,NB01,1,2020/10/10
718,FE595,NB01,1,2020/10/10
719,FE595,NB01,1,2020/10/10
720,FYG80,NB12,111,2020/11/2
721,FYG80,NB12,1,2020/10/19
722,FYG80,NB12,1,2020/10/19
723,FYG80,NB12,49,2020/11/2
724,FYG80,NB12,127,2020/11/2
725,FYG80,NB12,7,2020/11/2
726,FYG50,NB12,1,2020/10/19
727,FYG50,NB12,1,2020/10/20
728,GL5A0,NB01,1,2020/10/20
729,GT4A0,NB01,1,2020/10/20
730,GT4A0,NB01,1,2020/10/20
731,GT4A0,NB01,1,2020/10/20
732,GT4A0,NB01,2,2020/10/20
733,FE595,NB01,1,2020/10/10
734,HS150,NB12,1,2020/10/1
735,GT4A0,NB01,2,2020/10/25
736,HS550,NB12,120,2020/10/1
737,GP540,NB01,2,2020/11/2
738,GT4A0,NB01,1,2020/10/20
739,GT4A0,NB01,1,2020/10/20
740,FYG50,NB12,1,2020/10/20
741,FYG50,NB12,1,2020/10/20
742,FYG41,NB12,1,2020/10/20
743,FYG50,NB12,1,2020/10/20
744,GX4A0,NB01,2,2020/10/20
745,GL4A0,NB01,5,2020/10/20
746,FYG50,NB12,1,2020/10/20
747,FYG50,NB12,1,2020/10/20
748,FYG50,NB12,5,2020/10/20
749,FE595,NB01,1,2020/10/10
750,GT4A1,NB01,4,2020/10/10
751,FE595,NB01,1,2020/10/10
752,FE595,NB01,1,2020/10/10
753,FE595,NB01,1,2020/10/10
754,FE595,NB01,2,2020/10/10
755,FE495,NB01,2,2020/10/12
756,FE495,NB01,300,2020/10/12
757,FE495,NB01,198,2020/10/12
758,GT4A1,NB01,5,2020/10/19
759,FE595,NB01,2,2020/10/11
760,GL4A0,NB01,2,2020/10/11
761,GY55D,NB12,2,2020/10/28
762,GY55D,NB12,298,2020/10/28
763,FG541,NB12,126,2020/11/2
764,HS150,NB12,73,2020/10/2
765,HC150,NB12,2,2020/10/1
766,HC150,NB12,198,2020/10/1
767,GE520,NB01,80,2020/9/17
768,GE520,NB01,150,2020/9/6
769,HC110,NB12,20,2020/11/1
770,HC110,NB12,15,2020/11/1
771,HC150,NB12,20,2020/11/2
772,GT4A0,NB01,85,2020/10/25
773,GT4A0,NB01,1,2020/10/25
774,GT4A0,NB01,1,2020/10/25
775,GT4A0,NB01,11,2020/10/25
776,GT4A0,NB01,9,2020/10/25
777,GT4A0,NB01,25,2020/10/25
778,GX3A1,NB01,10,2020/10/25
779,GYG50,NB01,4,2020/10/25
780,GL4A0,NB01,1,2020/10/25
781,GYG50,NB01,10,2020/10/27
782,GT4A0,NB01,1,2020/10/25
783,HS550,NB12,120,2020/10/1
784,HS550,NB12,120,2020/10/1
785,HS550,NB12,120,2020/10/1
786,HS550,NB12,120,2020/10/1
787,HS550,NB12,120,2020/10/1
788,HS550,NB12,120,2020/10/1
789,HS550,NB12,120,2020/10/1
790,HS550,NB12,120,2020/10/1
791,HS550,NB12,120,2020/10/1
792,HS550,NB12,120,2020/10/1
793,HS550,NB12,120,2020/10/1
794,HS550,NB12,120,2020/10/1
795,GP540,NB01,64,2020/11/2
796,GT4A0,NB01,2,2020/11/2
797,GP540,NB01,2,2020/11/2
798,GP540,NB01,64,2020/11/2
799,GP540,NB01,43,2020/11/2
800,GL5A0,NB01,1,2020/11/1
801,GX4A0,NB01,1,2020/11/1
802,FX490,NB01,1,2020/11/3
803,GT4A0,NB01,3,2020/11/4
804,GT4A0,NB01,2,2020/11/4
805,FX490,NB01,1,2020/11/4
806,GL5A0,NB01,1,2020/10/20
807,GL4A0,NB01,84,2020/10/11
808,GX4A0,NB01,2,2020/9/8
809,GT4A0,NB01,1,2020/10/25
810,HS550,NB12,120,2020/10/1
811,FP531,NB01,3,2020/11/3
812,GT4A0,NB01,1,2020/10/20
813,GT4A0,NB01,2,2020/10/20
814,GT4A0,NB01,258,2020/10/20
815,GT4A0,NB01,3,2020/10/21
816,GT4A0,NB01,1,2020/10/20
817,GT4A0,NB01,1,2020/10/20
818,GT4A0,NB01,1,2020/10/20
819,FG542,NB12,2,2020/10/22
820,FG542,NB12,123,2020/10/22
821,FG542,NB12,2,2020/10/22
822,GP540,NB01,1,2020/10/13
823,GL4A0,NB01,4,2020/10/13
824,FE595,NB01,1,2020/10/11
825,GT4A1,NB01,40,2020/10/13
826,FE595,NB01,1,2020/10/11
827,GT4A1,NB01,3,2020/10/13
828,GT4A0,NB01,1,2020/10/12
829,GT4A0,NB01,1,2020/10/12
830,FE595,NB01,7,2020/10/11
831,FE595,NB01,1,2020/10/11
832,GL4A0,NB01,1,2020/10/11
833,FE595,NB01,1,2020/10/12
834,GE520,NB01,150,2020/9/8
835,GX4A0,NB01,1,2020/9/8
836,FG542,NB12,300,2020/10/26
837,FG542,NB12,75,2020/10/26
838,HS153,NB12,78,2020/10/15
839,HS153,NB12,78,2020/10/15
840,HC131,NB12,18,2020/10/15
841,HC131,NB12,5,2020/10/15
842,GE520,NB01,50,2020/9/12
843,FYG80,NB12,25,2020/11/2
844,FYG80,NB12,25,2020/11/2
845,GL5A0,NB01,2,2020/10/25
846,GT4A0,NB01,99,2020/10/25
847,GL5A0,NB01,1,2020/10/25
848,GP4A0,NB01,1,2020/10/25
849,GP4A0,NB01,1,2020/10/25
850,GP540,NB01,12,2020/10/25
851,GP540,NB01,15,2020/10/25
852,GP540,NB01,4,2020/10/25
853,GP740,NB01,6,2020/10/25
854,GP740,NB01,3,2020/10/25
855,GT4A0,NB01,1,2020/10/25
856,HS550,NB12,120,2020/10/1
857,HS550,NB12,120,2020/10/1
858,HS550,NB12,120,2020/10/1
859,HS550,NB12,120,2020/10/1
860,HS550,NB12,120,2020/10/1
861,HS550,NB12,120,2020/10/1
862,HS550,NB12,120,2020/10/1
863,HS550,NB12,120,2020/10/1
864,HS550,NB12,120,2020/10/1
865,HS550,NB12,120,2020/10/1
866,HS550,NB12,120,2020/10/1
867,HS550,NB12,120,2020/10/1
868,GP540,NB01,1,2020/11/5
869,GP540,NB01,1,2020/11/5
870,GP540,NB01,1,2020/11/5
871,GP540,NB01,1,2020/11/5
872,GP540,NB01,1,2020/11/5
873,GP540,NB01,1,2020/11/5
874,GP540,NB01,1,2020/11/5
875,GP540,NB01,1,2020/11/5
876,GP54G,NB01,1,2020/11/5
877,GP54G,NB01,1,2020/11/5
878,GP540,NB01,6,2020/11/5
879,GYG50,NB01,2,2020/11/5
880,FG542,NB12,123,2020/10/22
881,GT4A0,NB01,1,2020/10/12
882,GE520,NB01,40,2020/9/18
883,GT4A0,NB01,9,2020/10/25
884,HS550,NB12,120,2020/10/1
885,GE420,NB01,1,2020/11/5
886,FYG41,NB12,1,2020/10/20
887,GT5A1,NB01,2,2020/10/20
888,FYG50,NB12,1,2020/10/20
889,GT4A0,NB01,5,2020/10/20
890,GT4A0,NB01,20,2020/10/20
891,GT4A0,NB01,5,2020/10/20
892,FYG50,NB12,1,2020/10/21
893,FYG50,NB12,1,2020/10/21
894,GT4A0,NB01,120,2020/10/21
895,FYG41,NB12,1,2020/10/21
896,GT4A0,NB01,3,2020/10/21
897,FE595,NB01,1,2020/10/12
898,GY55H,NB12,9,2020/11/2
899,GT4A1,NB01,1,2020/10/14
900,GX4A0,NB01,2,2020/10/14
901,FE595,NB01,3,2020/10/12
902,FE595,NB01,1,2020/10/12
903,GX4A0,NB01,1,2020/10/12
904,GYG50,NB01,3,2020/10/14
905,GT4A1,NB01,2,2020/10/14
906,GT4A1,NB01,198,2020/10/14
907,GP540,NB01,1,2020/10/12
908,FE595,NB01,1,2020/10/13
909,HC150,NB12,31,2020/10/2
910,FE4A0,NB01,300,2020/9/15
911,FE4A0,NB01,300,2020/9/15
912,FE4A0,NB01,300,2020/9/15
913,FE4A0,NB01,150,2020/9/15
914,HC150,NB12,1,2020/10/15
915,GY510,NB12,5,2020/10/15
916,FE5A0,NB01,300,2020/9/16
917,FE5A0,NB01,168,2020/9/16
918,FE5A0,NB01,53,2020/9/23
919,FE5A0,NB01,84,2020/9/17
920,FYG41,NB12,5,2020/11/2
921,GT4A0,NB01,27,2020/10/25
922,GT4A0,NB01,1,2020/10/25
923,GT4A0,NB01,2,2020/10/25
924,GT4A0,NB01,73,2020/10/25
925,GYG50,NB01,1,2020/10/29
926,GYG50,NB01,3,2020/10/25
927,GT4A0,NB01,4,2020/10/25
928,GL4A5,NB01,1,2020/10/25
929,GYG50,NB01,10,2020/10/25
930,GYG50,NB01,10,2020/10/25
931,GP540,NB01,5,2020/10/25
932,GY510,NB12,1,2020/9/21
933,GY552,NB12,224,2020/11/2
934,GY552,NB12,224,2020/11/2
935,GY552,NB12,224,2020/11/2
936,GY552,NB12,224,2020/11/2
937,GY552,NB12,224,2020/11/2
938,GY552,NB12,224,2020/11/1
939,GY552,NB12,224,2020/11/1
940,GY552,NB12,224,2020/11/1
941,GY552,NB12,224,2020/11/1
942,GP540,NB01,1,2020/11/5
943,FR4A0,NB01,1,2020/11/5
944,FX490,NB01,3,2020/11/5
945,GX4A0,NB01,2,2020/11/4
946,GL4A0,NB01,1,2020/11/4
947,FS434,NB12,1,2020/6/13
948,GT4A0,NB01,5,2020/10/21
949,FE595,NB01,1,2020/10/13
950,FE5A0,NB01,300,2020/9/15
951,GP740,NB01,2,2020/10/25
952,GY552,NB12,224,2020/11/1
953,GT4A0,NB01,3,2020/10/21
954,GT4A0,NB01,14,2020/10/21
955,GT4A0,NB01,100,2020/10/21
956,GT4A0,NB01,2,2020/10/21
957,FYG50,NB12,1,2020/10/21
958,FYG50,NB12,1,2020/10/21
959,GT4A0,NB01,10,2020/10/21
960,GL5A0,NB01,1,2020/10/21
961,GT4A0,NB01,10,2020/10/21
962,FYG50,NB12,1,2020/10/21
963,FYG50,NB12,1,2020/10/21
964,FYG50,NB12,1,2020/10/21
965,FYG50,NB12,1,2020/10/21
966,GT4A0,NB01,1,2020/10/21
967,GT4A0,NB01,1,2020/10/21
968,FP730,NB01,15,2020/10/21
969,FYG80,NB12,1,2020/10/21
970,FYG50,NB12,1,2020/10/21
971,GT4A0,NB01,11,2020/10/22
972,GT4A0,NB01,15,2020/10/22
973,GP4A0,NB01,2,2020/10/22
974,GT4A0,NB01,1,2020/10/22
975,GT4A0,NB01,1,2020/10/21
976,FE595,NB01,1,2020/10/13
977,FE595,NB01,1,2020/10/13
978,GT4A1,NB01,1,2020/10/15
979,FE595,NB01,1,2020/10/13
980,GE4B0,NB01,1,2020/10/13
981,GT4A1,NB01,1,2020/10/13
982,GT4A1,NB01,1,2020/10/13
983,GT4A1,NB01,1,2020/10/13
984,FE595,NB01,1,2020/10/13
985,FE595,NB01,1,2020/10/13
986,GT4A0,NB01,20,2020/10/13
987,FE595,NB01,1,2020/10/13
988,FE5A0,NB01,300,2020/9/15
989,FE5A0,NB01,120,2020/9/15
990,FE5A0,NB01,300,2020/9/15
991,FE5A0,NB01,300,2020/9/15
992,FE5A0,NB01,120,2020/9/15
993,FE5A0,NB01,168,2020/9/18
994,GL4A5,NB01,10,2020/9/16
995,GY530,NB12,1,2020/11/2
996,FE5A0,NB01,300,2020/9/17
997,FE5A0,NB01,300,2020/9/17
998,FE5A0,NB01,120,2020/9/17
999,GT4A0,NB01,4,2020/10/25
1000,GT4A0,NB01,2,2020/10/25
1001,GT4A0,NB01,6,2020/10/25
1002,GT4A0,NB01,22,2020/10/25
1003,GL4A0,NB01,1,2020/10/25
1004,GT4A0,NB01,5,2020/10/25
1005,GT4A0,NB01,2,2020/10/25
1006,GT4A0,NB01,25,2020/10/25
1007,GYG50,NB01,6,2020/10/25
1008,GT4A0,NB01,2,2020/10/25
1009,GT4A0,NB01,131,2020/10/25
1010,GY552,NB12,224,2020/11/2
1011,GY552,NB12,224,2020/11/1
1012,GY552,NB12,224,2020/11/1
1013,GY552,NB12,224,2020/11/1
1014,GY552,NB12,224,2020/11/1
1015,GY552,NB12,224,2020/11/2
1016,GY552,NB12,224,2020/11/1
1017,GY552,NB12,224,2020/11/1
1018,GY552,NB12,224,2020/11/1
1019,GY552,NB12,224,2020/11/1
1020,GT4A0,NB01,30,2020/10/21
1021,FE595,NB01,1,2020/10/13
1022,GV450,NB12,5,2020/10/2
1023,GT4A0,NB01,5,2020/10/26
1024,GY552,NB12,224,2020/11/1
1025,FYG80,NB12,1,2020/10/22
1026,GP4A0,NB01,1,2020/10/22
1027,FYG50,NB12,1,2020/10/22
1028,FYG50,NB12,1,2020/10/22
1029,GT4A0,NB01,13,2020/10/22
1030,FYG41,NB12,1,2020/10/22
1031,FYG41,NB12,1,2020/10/22
1032,GL4A0,NB01,51,2020/10/22
1033,GL4A0,NB01,6,2020/10/22
1034,FYG41,NB12,1,2020/10/22
1035,GT4A0,NB01,5,2020/10/22
1036,HS355,NB12,2,2020/10/22
1037,HS355,NB12,208,2020/10/22
1038,FYG50,NB12,1,2020/10/22
1039,FYG41,NB12,1,2020/10/22
1040,GT4A0,NB01,10,2020/10/24
1041,FYG50,NB12,1,2020/10/22
1042,GP4A0,NB01,5,2020/10/22
1043,GT4A0,NB01,25,2020/10/22
1044,GX4A0,NB01,135,2020/10/22
1045,FYG50,NB12,1,2020/10/22
1046,GL4A0,NB01,2,2020/10/22
1047,GT4A0,NB01,1,2020/10/22
1048,FE595,NB01,1,2020/10/13
1049,FE595,NB01,1,2020/10/14
1050,GX3A1,NB01,1,2020/10/14
1051,GYG50,NB01,4,2020/10/14
1052,GL5A0,NB01,4,2020/10/16
1053,FE595,NB01,1,2020/10/14
1054,FE595,NB01,3,2020/10/14
1055,FE595,NB01,1,2020/10/14
1056,GT4A0,NB01,15,2020/10/14
1057,FE595,NB01,2,2020/10/14
1058,GT4A0,NB01,5,2020/10/14
1059,GT4A0,NB01,1,2020/10/14
1060,GY510,NB12,1,2020/10/2
1061,GP540,NB01,10,2020/9/21
1062,GYG41,NB12,10,2020/11/2
1063,FYG80,NB12,9,2020/11/2
1064,GYG41,NB12,10,2020/11/2
1065,GL4A5,NB01,5,2020/9/19
1066,FE4A0,NB01,90,2020/9/20
1067,GY55H,NB12,75,2020/10/2
1068,GY55H,NB12,50,2020/10/2
1069,GY55H,NB12,40,2020/10/2
1070,GL4A5,NB01,4,2020/9/20
1071,GYG50,NB01,1,2020/10/26
1072,GT4A0,NB01,2,2020/10/26
1073,GT4A0,NB01,1,2020/10/26
1074,GT4A0,NB01,1,2020/10/26
1075,GT4A0,NB01,1,2020/10/26
1076,GT4A0,NB01,1,2020/10/25
1077,GT4A0,NB01,2,2020/10/26
1078,GT5A1,NB01,4,2020/10/26
1079,GP540,NB01,1,2020/10/26
1080,GT4A0,NB01,1,2020/10/26
1081,GT4A0,NB01,1,2020/10/26
1082,GY552,NB12,224,2020/11/1
1083,GY552,NB12,192,2020/11/1
1084,GY552,NB12,192,2020/11/2
1085,GY552,NB12,224,2020/11/2
1086,GY557,NB12,224,2020/10/1
1087,GY557,NB12,224,2020/10/1
1088,GY557,NB12,224,2020/10/1
1089,GV453,NB12,1,2020/11/15
1090,GY55W,NB12,224,2020/11/2
1091,GL4A5,NB01,90,2020/9/3
1092,GY510,NB12,170,2020/9/14
1093,GT4A0,NB01,1,2020/10/22
1094,GT4A0,NB01,2,2020/10/14
1095,FE595,NB01,65,2020/9/20
1096,GT4A0,NB01,8,2020/10/26
1097,GS452,NB12,260,2020/11/1
1098,GT4A0,NB01,11,2020/10/22
1099,GT4A0,NB01,1,2020/10/22
1100,FYG50,NB12,1,2020/10/22
1101,FYG50,NB12,1,2020/10/24
1102,FYG50,NB12,1,2020/10/24
1103,FYG80,NB12,1,2020/10/24
1104,FYG50,NB12,1,2020/10/24
1105,FYG50,NB12,1,2020/10/24
1106,FYG50,NB12,1,2020/10/24
1107,FYG50,NB12,1,2020/10/24
1108,FYG50,NB12,1,2020/10/24
1109,GX4A0,NB01,1,2020/10/24
1110,GT4A0,NB01,2,2020/10/14
1111,FE595,NB01,4,2020/10/14
1112,GT4A0,NB01,10,2020/10/15
1113,GT4A0,NB01,1,2020/10/15
1114,GT4A0,NB01,2,2020/10/15
1115,GT4A0,NB01,1,2020/10/15
1116,FE595,NB01,1,2020/10/15
1117,FE595,NB01,1,2020/10/15
1118,FE595,NB01,1,2020/10/16
1119,FE595,NB01,1,2020/10/15
1120,FE595,NB01,1,2020/10/16
1121,GT4A1,NB01,1,2020/10/16
1122,GYG41,NB12,10,2020/11/2
1123,GYG41,NB12,20,2020/11/2
1124,GYG41,NB12,10,2020/11/2
1125,GYG41,NB12,15,2020/11/2
1126,GYG41,NB12,5,2020/11/2
1127,GYG41,NB12,20,2020/11/2
1128,GYG51,NB12,5,2020/11/2
1129,GYG41,NB12,20,2020/11/2
1130,GYG41,NB12,10,2020/11/2
1131,GYG41,NB12,10,2020/11/2
1132,GYG41,NB12,16,2020/11/2
1133,GYG41,NB12,10,2020/11/2
1134,GYG41,NB12,10,2020/11/2
1135,FX490,NB01,22,2020/10/26
1136,GT4A0,NB01,10,2020/10/26
1137,FX490,NB01,15,2020/10/26
1138,GT4A0,NB01,1,2020/10/26
1139,GT4A0,NB01,1,2020/10/26
1140,GX4A0,NB01,44,2020/10/28
1141,GYG50,NB01,6,2020/10/26
1142,GT4A0,NB01,16,2020/10/26
1143,GX3A1,NB01,10,2020/11/4
1144,GT4A0,NB01,5,2020/10/26
1145,GP54G,NB01,2,2020/11/5
1146,GYG50,NB01,10,2020/10/24
1147,FE595,NB01,1,2020/10/16
1148,GYG41,NB12,10,2020/11/2
1149,GL4A0,NB01,20,2020/10/26
1150,GT4A0,NB01,7,2020/10/24
1151,GT4A0,NB01,1,2020/10/25
1152,GT4A0,NB01,4,2020/10/25
1153,GT4A0,NB01,1,2020/10/25
1154,GT4A0,NB01,1,2020/10/25
1155,GT4A0,NB01,1,2020/10/25
1156,GYG50,NB01,2,2020/10/25
1157,FYG50,NB12,1,2020/10/25
1158,GT4A0,NB01,1,2020/10/25
1159,GP54G,NB01,4,2020/10/25
1160,FYG50,NB12,1,2020/10/25
1161,FE595,NB01,1,2020/10/16
1162,FE595,NB01,1,2020/10/16
1163,FE595,NB01,1,2020/10/16
1164,FE595,NB01,1,2020/10/17
1165,FE595,NB01,1,2020/10/17
1166,FE595,NB01,1,2020/10/17
1167,FE595,NB01,1,2020/10/17
1168,FE595,NB01,10,2020/10/17
1169,HC150,NB12,1,2020/10/17
1170,HC150,NB12,1,2020/10/17
1171,HC150,NB12,1,2020/10/17
1172,FE595,NB01,1,2020/10/17
1173,GT4A0,NB01,2,2020/10/19
1174,GYG41,NB12,10,2020/11/2
1175,GX4A0,NB01,1,2020/9/21
1176,HC150,NB12,10,2020/10/2
1177,GL4A5,NB01,1,2020/9/21
1178,GL4A5,NB01,1,2020/9/21
1179,GL4A5,NB01,1,2020/9/21
1180,GYG41,NB12,10,2020/11/2
1181,GYG41,NB12,10,2020/11/2
1182,FE4A0,NB01,200,2020/9/21
1183,GS454,NB12,24,2020/11/2
1184,GL5A5,NB01,120,2020/9/22
1185,GT4A0,NB01,1,2020/10/26
1186,GT4A0,NB01,5,2020/10/26
1187,GP540,NB01,15,2020/10/26
1188,GT4A0,NB01,2,2020/10/26
1189,GT4A0,NB01,8,2020/10/26
1190,GT4A0,NB01,1,2020/10/26
1191,GT4A0,NB01,12,2020/10/26
1192,GL4A0,NB01,25,2020/10/27
1193,GYG41,NB12,1,2020/10/26
1194,GP540,NB01,6,2020/10/26
1195,GT4A0,NB01,1,2020/10/26
1196,GS452,NB12,260,2020/11/1
1197,GS452,NB12,260,2020/11/1
1198,GS452,NB12,260,2020/11/1
1199,GS452,NB12,260,2020/11/1
1200,GS452,NB12,260,2020/11/1
1201,GS452,NB12,260,2020/11/1
1202,GS452,NB12,260,2020/11/1
1203,GS452,NB12,260,2020/11/1
1204,GS452,NB12,260,2020/11/1
1205,GS452,NB12,260,2020/11/1
1206,GT4A0,NB01,21,2020/10/25
1207,FE595,NB01,1,2020/10/17
1208,FT490,NB01,200,2020/9/21
1209,GT4A0,NB01,3,2020/10/26
1210,GS452,NB12,260,2020/11/1
1211,GYG50,NB01,15,2020/10/25
1212,GYG50,NB01,5,2020/10/25
1213,GT4A0,NB01,24,2020/10/25
1214,GT4A0,NB01,3,2020/10/25
1215,GL4A0,NB01,1,2020/10/25
1216,FYG50,NB12,2,2020/10/25
1217,GYG50,NB01,1,2020/10/25
1218,GYG50,NB01,4,2020/10/25
1219,GYG50,NB01,1,2020/10/25
1220,GT4A0,NB01,1,2020/10/25
1221,GYG50,NB01,1,2020/10/25
1222,GT4A0,NB01,10,2020/10/17
1223,FE595,NB01,1,2020/10/17
1224,FE595,NB01,1,2020/10/17
1225,GT4A0,NB01,1,2020/10/18
1226,GS454,NB12,1,2020/10/21
1227,GT4A0,NB01,1,2020/10/20
1228,FE595,NB01,1,2020/10/18
1229,GT4A0,NB01,300,2020/10/18
1230,GT4A0,NB01,50,2020/10/18
1231,GT4A0,NB01,20,2020/10/18
1232,GT4A0,NB01,270,2020/10/18
1233,GY510,NB12,50,2020/10/2
1234,GY510,NB12,50,2020/10/2
1235,GYG41,NB12,26,2020/11/2
1236,GYG41,NB12,50,2020/11/2
1237,GYG41,NB12,50,2020/11/2
1238,GYG41,NB12,28,2020/11/2
1239,GYG41,NB12,99,2020/11/2
1240,GYG41,NB12,50,2020/11/2
1241,GYG41,NB12,50,2020/11/2
1242,GYG41,NB12,8,2020/11/2
1243,GYG41,NB12,8,2020/11/2
1244,GYG41,NB12,30,2020/11/2
1245,GT4A0,NB01,300,2020/10/27
1246,GT4A0,NB01,100,2020/10/27
1247,GT4A0,NB01,10,2020/10/27
1248,GT4A0,NB01,2,2020/10/27
1249,GT4A0,NB01,8,2020/10/27
1250,GYG50,NB01,1,2020/10/27
1251,GT4A0,NB01,4,2020/10/27
1252,GYG50,NB01,1,2020/10/27
1253,GT4A0,NB01,50,2020/10/27
1254,GT4A0,NB01,20,2020/10/27
1255,GT4A0,NB01,1,2020/10/27
1256,GS452,NB12,260,2020/11/1
1257,GS452,NB12,260,2020/11/1
1258,GS452,NB12,260,2020/11/1
1259,GV450,NB12,2,2020/11/3
1260,GV450,NB12,300,2020/11/3
1261,GV450,NB12,48,2020/11/3
1262,GY552,NB12,224,2020/11/2
1263,GY552,NB12,224,2020/11/2
1264,GY552,NB12,224,2020/11/2
1265,GY552,NB12,224,2020/11/2
1266,GYG50,NB01,1,2020/10/25
1267,FE595,NB01,1,2020/10/19
1268,GYG41,NB12,20,2020/11/2
1269,GT4A0,NB01,1,2020/10/27
1270,GY552,NB12,224,2020/11/2
1271,GT4A0,NB01,165,2020/10/25
1272,GT4A0,NB01,2,2020/10/25
1273,FP730,NB01,2,2020/10/25
1274,FP730,NB01,1,2020/10/25
1275,FP730,NB01,8,2020/10/25
1276,FP730,NB01,2,2020/10/25
1277,FYG80,NB12,2,2020/10/25
1278,FYG50,NB12,1,2020/10/25
1279,FYG80,NB12,1,2020/10/25
1280,GT4A0,NB01,1,2020/10/25
1281,GT4A0,NB01,1,2020/10/25
1282,FE595,NB01,1,2020/10/19
1283,FE595,NB01,1,2020/10/19
1284,GL4A0,NB01,50,2020/10/21
1285,FE595,NB01,1,2020/10/19
1286,FE595,NB01,1,2020/10/19
1287,FE595,NB01,1,2020/10/19
1288,FE595,NB01,1,2020/10/19
1289,GP4A0,NB01,15,2020/10/19
1290,FE595,NB01,1,2020/10/19
1291,GT4A0,NB01,4,2020/10/19
1292,FE595,NB01,1,2020/10/20
1293,FE595,NB01,1,2020/10/20
1294,GYG41,NB12,18,2020/11/2
1295,GYG41,NB12,50,2020/11/2
1296,FE4A0,NB01,300,2020/9/22
1297,GL5A0,NB01,200,2020/9/24
1298,GYG41,NB12,20,2020/11/2
1299,GYG51,NB12,10,2020/11/2
1300,GYG51,NB12,10,2020/11/2
1301,GS454,NB12,20,2020/11/2
1302,GS454,NB12,10,2020/11/2
1303,GS454,NB12,5,2020/11/2
1304,GS454,NB12,20,2020/11/2
1305,GT4A0,NB01,8,2020/10/27
1306,GT4A0,NB01,4,2020/10/27
1307,GT4A0,NB01,2,2020/10/27
1308,GT4A0,NB01,1,2020/10/27
1309,GT4A0,NB01,1,2020/10/27
1310,GT4A0,NB01,13,2020/10/27
1311,GT5A1,NB01,3,2020/10/27
1312,GYG50,NB01,15,2020/10/27
1313,GT4A0,NB01,10,2020/10/27
1314,GT4A0,NB01,21,2020/10/27
1315,GP540,NB01,2,2020/10/27
1316,GY55W,NB12,182,2020/10/1
1317,GL4A5,NB01,20,2020/9/16
1318,FE4A0,NB01,74,2020/11/1
1319,GS55K,NB12,240,2020/11/1
1320,GS55K,NB12,240,2020/11/1
1321,GS55L,NB12,120,2020/10/12
1322,GL4A5,NB01,1,2020/9/21
1323,GS452,NB12,213,2020/11/1
1324,GS552,NB12,42,2020/10/15
1325,GS552,NB12,198,2020/10/15
1326,GE4B0,NB01,89,2020/10/5
1327,GS752,NB12,1,2020/10/28
1328,GS752,NB12,5,2020/10/28
1329,FYG50,NB12,300,2020/11/2
1330,FYG50,NB12,70,2020/11/2
1331,GS557,NB12,1,2020/10/12
1332,FY715,NB12,300,2020/11/2
1333,FYG80,NB12,100,2020/11/2
1334,FY710,NB12,300,2020/11/2
1335,FYG41,NB12,200,2020/11/2
1336,GS554,NB12,3,2020/10/1
1337,GY559,NB12,300,2020/11/2
1338,GY559,NB12,120,2020/11/2
1339,GX4A0,NB01,24,2020/10/25
1340,GL4A0,NB01,1,2020/10/22
1341,GS454,NB12,5,2020/11/2
1342,GP540,NB01,12,2020/10/27
1343,GE4B0,NB01,90,2020/10/5
1344,GT4A0,NB01,1,2020/10/25
1345,GT4A0,NB01,2,2020/10/25
1346,FYG50,NB12,2,2020/10/25
1347,GS453,NB12,2,2020/10/30
1348,GS453,NB12,300,2020/10/30
1349,GS453,NB12,300,2020/10/30
1350,GS453,NB12,300,2020/10/30
1351,GS453,NB12,106,2020/10/30
1352,GS453,NB12,2,2020/10/30
1353,GS453,NB12,300,2020/10/30
1354,GS453,NB12,202,2020/10/30
1355,GL4A5,NB01,1,2020/10/20
1356,GV450,NB12,100,2020/11/2
1357,GL4A0,NB01,10,2020/10/20
1358,GL4A0,NB01,1,2020/10/20
1359,GX4A0,NB01,1,2020/10/22
1360,FE595,NB01,2,2020/10/20
1361,GT4A0,NB01,35,2020/10/22
1362,GT4A0,NB01,2,2020/10/22
1363,GT4A0,NB01,98,2020/10/22
1364,GX4A0,NB01,1,2020/10/20
1365,GX3A1,NB01,1,2020/10/22
1366,GV551,NB12,3,2020/11/2
1367,GS453,NB12,2,2020/10/30
1368,GT4A0,NB01,1,2020/10/20
1369,GS453,NB12,300,2020/10/30
1370,GS453,NB12,300,2020/10/30
1371,GS453,NB12,300,2020/10/30
1372,GS453,NB12,106,2020/10/30
1373,GT4A0,NB01,13,2020/10/25
1374,GYG50,NB01,4,2020/10/25
1375,GL4A0,NB01,48,2020/10/25
1376,GL4A0,NB01,29,2020/10/25
1377,GL4A0,NB01,29,2020/10/25
1378,GYG50,NB01,1,2020/10/25
1379,GT4A0,NB01,10,2020/10/25
1380,GV450,NB12,300,2020/11/2
1381,GV450,NB12,200,2020/11/2
1382,FYG50,NB12,200,2020/11/2
1383,GV551,NB12,25,2020/11/2
1384,GV551,NB12,20,2020/11/2
1385,GV551,NB12,2,2020/11/2
1386,FYG41,NB12,300,2020/11/2
1387,FYG41,NB12,120,2020/11/2
1388,FYG41,NB12,300,2020/11/2
1389,FYG41,NB12,300,2020/11/2
1390,FYG41,NB12,180,2020/11/2
1391,FYG50,NB12,96,2020/11/2
1392,GL5A0,NB01,5,2020/10/22
1393,FE595,NB01,1,2020/10/20
1394,FE595,NB01,1,2020/10/20
1395,FE595,NB01,4,2020/10/20
1396,GL4A0,NB01,20,2020/10/21
1397,FE595,NB01,1,2020/10/21
1398,FE595,NB01,1,2020/10/21
1399,GYG51,NB12,15,2020/11/2
1400,GS55J,NB12,5,2020/10/21
1401,GX4A0,NB01,35,2020/10/21
1402,FE595,NB01,1,2020/10/21
1403,GYG50,NB01,10,2020/10/21
1404,GS454,NB12,10,2020/11/2
1405,GS454,NB12,5,2020/11/2
1406,FE4A0,NB01,20,2020/9/23
1407,GL4A5,NB01,1,2020/9/23
1408,FE4A0,NB01,100,2020/9/23
1409,FE4A0,NB01,10,2020/9/23
1410,FE4A0,NB01,1,2020/9/23
1411,GL4A5,NB01,1,2020/9/23
1412,FE5A0,NB01,90,2020/11/23
1413,FE4A0,NB01,50,2020/9/26
1414,FE5A0,NB01,10,2020/9/26
1415,FE4A0,NB01,18,2020/9/24
1416,GP740,NB01,2,2020/10/27
1417,GT4A0,NB01,2,2020/10/27
1418,GT4A0,NB01,1,2020/10/27
1419,GT4A0,NB01,2,2020/10/27
1420,GP5A1,NB01,30,2020/10/27
1421,GP5A1,NB01,20,2020/10/27
1422,GP54G,NB01,5,2020/10/27
1423,GT4A0,NB01,1,2020/10/27
1424,GT4A0,NB01,15,2020/10/27
1425,GT4A0,NB01,35,2020/10/27
1426,GT4A0,NB01,2,2020/10/27
1427,GE4B0,NB01,90,2020/10/5
1428,GE4B0,NB01,90,2020/10/5
1429,GE4B0,NB01,90,2020/10/5
1430,GE4B0,NB01,90,2020/10/5
1431,GE4B0,NB01,90,2020/10/5
1432,GE4B0,NB01,90,2020/10/5
1433,GE4B0,NB01,90,2020/10/5
1434,GE4B0,NB01,90,2020/10/5
1435,GE4B0,NB01,90,2020/10/5
1436,GE4B0,NB01,90,2020/10/5
1437,GV551,NB12,1,2020/11/2
1438,GT4A0,NB01,15,2020/10/25
1439,FE595,NB01,1,2020/10/21
1440,FE4A0,NB01,27,2020/9/24
1441,GT4A0,NB01,2,2020/10/27
1442,GE4B0,NB01,90,2020/10/5
1443,GV550,NB12,5,2020/11/2
1444,FYG80,NB12,70,2020/11/2
1445,FYG80,NB12,300,2020/11/2
1446,FYG80,NB12,299,2020/11/2
1447,GY55H,NB12,252,2020/11/2
1448,GY55H,NB12,300,2020/11/2
1449,GY55H,NB12,204,2020/11/2
1450,GY55H,NB12,65,2020/11/2
1451,GY55H,NB12,300,2020/11/2
1452,GY55H,NB12,152,2020/11/2
1453,GS450,NB12,2,2020/11/2
1454,GS450,NB12,300,2020/11/2
1455,GT4A0,NB01,5,2020/10/25
1456,GYG41,NB12,300,2020/10/29
1457,GYG41,NB12,266,2020/10/29
1458,GYG41,NB12,300,2020/10/29
1459,GYG41,NB12,266,2020/10/29
1460,GT4A0,NB01,1,2020/10/25
1461,GT4A0,NB01,1,2020/10/26
1462,GL4A0,NB01,180,2020/10/26
1463,GT4A0,NB01,20,2020/10/26
1464,GL4A0,NB01,10,2020/10/26
1465,GT4A0,NB01,15,2020/10/26
1466,FE595,NB01,1,2020/10/21
1467,GY55M,NB12,1,2020/10/21
1468,FE595,NB01,1,2020/10/21
1469,FE595,NB01,1,2020/10/21
1470,GYG51,NB12,50,2020/11/13
1471,FYG50,NB12,1,2020/10/22
1472,FYG50,NB12,1,2020/10/22
1473,GT4A0,NB01,3,2020/10/22
1474,GT4A0,NB01,1,2020/10/22
1475,GT4A0,NB01,1,2020/10/22
1476,GT4A0,NB01,2,2020/10/22
1477,FE4A0,NB01,200,2020/9/26
1478,FE4A0,NB01,7,2020/9/24
1479,FE4A0,NB01,5,2020/9/24
1480,GYG41,NB12,20,2020/10/9
1481,FE4A0,NB01,50,2020/9/26
1482,FE4A0,NB01,1,2020/9/26
1483,FE4A0,NB01,20,2020/9/26
1484,GE4B0,NB01,30,2020/9/30
1485,GYG41,NB12,63,2020/11/2
1486,FE4A0,NB01,30,2020/9/26
1487,FE4A0,NB01,5,2020/9/26
1488,FE4A0,NB01,8,2020/9/26
1489,GP540,NB01,1,2020/10/27
1490,GT4A0,NB01,10,2020/10/27
1491,GT4A0,NB01,14,2020/10/27
1492,GT4A0,NB01,13,2020/10/27
1493,GT4A0,NB01,28,2020/10/27
1494,GT4A0,NB01,1,2020/10/27
1495,GT4A0,NB01,10,2020/10/27
1496,GT4A0,NB01,14,2020/10/27
1497,GT4A0,NB01,13,2020/10/27
1498,GT4A0,NB01,300,2020/10/27
1499,GS450,NB12,300,2020/11/2
1500,GT4A0,NB01,1,2020/10/26
1501,GT4A0,NB01,1,2020/10/22
1502,FE4A0,NB01,2,2020/9/27
1503,GT4A0,NB01,300,2020/10/27
1504,GS450,NB12,300,2020/11/2
1505,GS450,NB12,190,2020/11/2
1506,FG542,NB12,300,2020/11/2
1507,FG542,NB12,300,2020/11/2
1508,FG542,NB12,300,2020/11/2
1509,GV551,NB12,18,2020/11/2
1510,FG542,NB12,300,2020/10/22
1511,FG542,NB12,300,2020/10/22
1512,FG542,NB12,150,2020/10/22
1513,FE4A0,NB01,2,2020/8/24
1514,FE4A0,NB01,298,2020/8/24
1515,GT4A0,NB01,1,2020/10/26
1516,GT4A0,NB01,2,2020/10/26
1517,GT4A0,NB01,5,2020/10/26
1518,GYG50,NB01,1,2020/10/26
1519,GT4A0,NB01,1,2020/10/26
1520,GT4A0,NB01,1,2020/10/26
1521,GT4A0,NB01,1,2020/10/26
1522,GT4A0,NB01,1,2020/10/26
1523,GT4A0,NB01,1,2020/10/26
1524,GT4A0,NB01,5,2020/10/26
1525,GX4A0,NB01,1,2020/10/26
1526,GT4A0,NB01,2,2020/10/22
1527,GT4A0,NB01,1,2020/10/22
1528,GT4A0,NB01,12,2020/10/22
1529,GL4A0,NB01,15,2020/10/24
1530,GT4A0,NB01,1,2020/10/22
1531,FYG50,NB12,1,2020/10/24
1532,GYG50,NB01,30,2020/10/26
1533,FYG50,NB12,1,2020/10/24
1534,GL4A5,NB01,1,2020/10/24
1535,GL4A0,NB01,50,2020/10/26
1536,FYG50,NB12,2,2020/10/24
1537,FE4A0,NB01,2,2020/9/27
1538,FE4A0,NB01,1,2020/9/27
1539,FE4A0,NB01,10,2020/9/27
1540,FYG41,NB12,5,2020/11/2
1541,FYG50,NB12,5,2020/10/2
1542,FYG80,NB12,3,2020/11/2
1543,GY55H,NB12,5,2020/10/28
1544,GY55H,NB12,5,2020/10/28
1545,GE4B0,NB01,10,2020/9/27
1546,FE4A0,NB01,20,2020/9/27
1547,FE4A0,NB01,2,2020/9/28
1548,GT4A0,NB01,192,2020/10/27
1549,GT4A0,NB01,60,2020/10/27
1550,GT4A0,NB01,223,2020/10/27
1551,GT4A0,NB01,2,2020/10/27
1552,GT4A0,NB01,3,2020/10/28
1553,GT4A0,NB01,1,2020/10/28
1554,GT4A0,NB01,50,2020/10/27
1555,GP540,NB01,3,2020/10/27
1556,GYG50,NB01,5,2020/10/27
1557,GX4A0,NB01,15,2020/10/27
1558,GX4A0,NB01,2,2020/10/28
1559,GE4B0,NB01,90,2020/10/5
1560,GE4B0,NB01,90,2020/10/5
1561,GE4B0,NB01,90,2020/10/5
1562,GE4B0,NB01,90,2020/10/5
1563,GE4B0,NB01,90,2020/10/5
1564,GE4B0,NB01,90,2020/10/5
1565,GE4B0,NB01,90,2020/10/5
1566,GE4B0,NB01,90,2020/10/5
1567,GE4B0,NB01,90,2020/10/5
1568,GE4B0,NB01,90,2020/10/5
1569,HC150,NB12,2,2020/10/19
1570,GT4A0,NB01,1,2020/10/26
1571,GT4A0,NB01,20,2020/10/24
1572,HC150,NB12,90,2020/10/15
1573,GT4A0,NB01,10,2020/10/27
1574,GE4B0,NB01,90,2020/10/5
1575,HS150,NB12,50,2020/11/2
1576,HC110,NB12,4,2020/11/2
1577,HC131,NB12,1,2020/11/2
1578,HS355,NB12,183,2020/11/2
1579,HS355,NB12,300,2020/11/2
1580,HS355,NB12,300,2020/11/2
1581,HS355,NB12,300,2020/11/2
1582,HS355,NB12,120,2020/11/2
1583,GYG51,NB12,2,2020/11/2
1584,GYG51,NB12,300,2020/11/2
1585,GYG51,NB12,73,2020/11/2
1586,GYG51,NB12,2,2020/11/2
1587,GT4A0,NB01,1,2020/10/26
1588,GT4A0,NB01,1,2020/10/26
1589,GT4A0,NB01,10,2020/10/26
1590,GT4A0,NB01,2,2020/10/26
1591,GX4A0,NB01,1,2020/10/26
1592,GT4A0,NB01,2,2020/10/26
1593,GT4A0,NB01,1,2020/10/26
1594,GT4A0,NB01,1,2020/10/26
1595,GT4A0,NB01,1,2020/10/26
1596,GX4A0,NB01,10,2020/10/26
1597,FYG80,NB12,1,2020/10/26
1598,GYG51,NB12,300,2020/11/2
1599,GT4A0,NB01,4,2020/10/26
1600,GE4B0,NB01,90,2020/10/5
1601,GE4B0,NB01,90,2020/10/5
1602,GE4B0,NB01,90,2020/10/5
1603,GE4B0,NB01,90,2020/10/5
1604,GE4B0,NB01,90,2020/10/5
1605,GE4B0,NB01,90,2020/10/5
1606,GE4B0,NB01,90,2020/10/5
1607,GE4B0,NB01,90,2020/10/5
1608,GE4B0,NB01,90,2020/10/5
1609,GE4B0,NB01,90,2020/10/5
1610,HS45C,NB12,260,2020/10/12
1611,GP5A1,NB01,5,2020/10/31
1612,GE4B0,NB01,90,2020/10/5
1613,GL4A0,NB01,10,2020/10/24
1614,GYG50,NB01,10,2020/10/24
1615,FYG50,NB12,8,2020/10/24
1616,GL4A0,NB01,15,2020/10/26
1617,GL4A0,NB01,5,2020/10/26
1618,GL4A0,NB01,36,2020/10/26
1619,GT4A0,NB01,1,2020/10/24
1620,GL5A0,NB01,3,2020/10/26
1621,GT4A0,NB01,2,2020/10/26
1622,GT4A0,NB01,50,2020/10/27
1623,GYG50,NB01,5,2020/10/27
1624,HC150,NB12,96,2020/10/15
1625,GP540,NB01,8,2020/9/28
1626,GE4B0,NB01,2,2020/9/29
1627,FE4A0,NB01,1,2020/9/29
1628,FE4A0,NB01,1,2020/9/29
1629,FE4A0,NB01,1,2020/9/29
1630,GL4A0,NB01,25,2020/9/29
1631,GX4A0,NB01,15,2020/9/29
1632,GX4A0,NB01,10,2020/9/29
1633,GX4A0,NB01,10,2020/9/29
1634,GX4A0,NB01,10,2020/9/29
1635,GP540,NB01,10,2020/10/27
1636,GP540,NB01,10,2020/10/27
1637,GP540,NB01,7,2020/10/27
1638,GP54G,NB01,1,2020/10/29
1639,GP54G,NB01,1,2020/10/29
1640,GT4A0,NB01,2,2020/10/27
1641,GT4A0,NB01,1,2020/10/27
1642,GX4A0,NB01,2,2020/10/27
1643,GX3A1,NB01,1,2020/10/28
1644,GX4A0,NB01,20,2020/10/30
1645,GT4A0,NB01,12,2020/10/29
1646,GE4B0,NB01,10,2020/10/5
1647,GL5A0,NB01,10,2020/10/5
1648,GX4A0,NB01,10,2020/11/20
1649,GX4A0,NB01,10,2020/11/20
1650,GY55K,NB12,80,2020/11/1
1651,GY55K,NB12,280,2020/11/1
1652,GY55K,NB12,280,2020/11/1
1653,GY55K,NB12,280,2020/11/1
1654,GY55K,NB12,280,2020/11/1
1655,GY55K,NB12,280,2020/11/1
1656,GP54G,NB01,3,2020/10/27
1657,GYG50,NB01,2,2020/10/25
1658,GX4A0,NB01,30,2020/9/29
1659,GT4A0,NB01,2,2020/10/28
1660,GY55K,NB12,160,2020/11/1
1661,GT4A0,NB01,5,2020/10/25
1662,GT4A0,NB01,20,2020/10/25
1663,GT4A0,NB01,20,2020/10/27
1664,FYG50,NB12,1,2020/10/25
1665,GT4A0,NB01,150,2020/10/25
1666,GYG50,NB01,2,2020/10/27
1667,GYG50,NB01,58,2020/10/27
1668,GT4A0,NB01,25,2020/10/25
1669,GX3A1,NB01,1,2020/10/25
1670,GT4A0,NB01,30,2020/10/27
1671,GT4A0,NB01,20,2020/10/27
1672,GX4A0,NB01,15,2020/9/29
1673,GX4A0,NB01,15,2020/9/29
1674,GX4A0,NB01,7,2020/9/29
1675,GX4A0,NB01,10,2020/9/29
1676,GX4A0,NB01,5,2020/9/29
1677,GX4A0,NB01,5,2020/9/29
1678,GL5A0,NB01,78,2020/9/29
1679,GX4A0,NB01,30,2020/10/22
1680,GX4A0,NB01,22,2020/9/29
1681,GL5A0,NB01,3,2020/9/30
1682,GYG41,NB12,60,2020/11/2
1683,GT4A0,NB01,15,2020/10/28
1684,GT4A0,NB01,5,2020/10/28
1685,GT4A0,NB01,10,2020/10/28
1686,GT4A0,NB01,5,2020/10/28
1687,GT4A0,NB01,10,2020/10/28
1688,GT4A0,NB01,10,2020/10/28
1689,GT4A0,NB01,3,2020/10/28
1690,GT4A0,NB01,5,2020/10/28
1691,GP5A1,NB01,20,2020/10/28
1692,GT4A0,NB01,1,2020/10/28
1693,GL4A0,NB01,10,2020/9/30
1694,GY510,NB12,256,2020/10/2
1695,HS45C,NB12,260,2020/10/12
1696,HS45C,NB12,260,2020/10/12
1697,HS45C,NB12,260,2020/10/12
1698,HS45C,NB12,260,2020/10/12
1699,HS45C,NB12,260,2020/10/12
1700,HS45C,NB12,260,2020/10/12
1701,HS45C,NB12,260,2020/10/12
1702,HS45C,NB12,260,2020/10/12
1703,HS45C,NB12,260,2020/10/12
1704,HS45C,NB12,260,2020/10/12
1705,GYG51,NB12,73,2020/11/2
1706,GS550,NB12,300,2020/11/2
1707,GS550,NB12,300,2020/11/2
1708,GS550,NB12,156,2020/11/2
1709,GV453,NB12,12,2020/11/2
1710,FYG41,NB12,156,2020/11/2
1711,FYG41,NB12,156,2020/11/2
1712,FE4A0,NB01,100,2020/9/2
1713,FE4A0,NB01,100,2020/9/2
1714,GYGB0,NB12,300,2020/11/2
1715,GYGB0,NB12,100,2020/11/2
1716,GYGB0,NB12,2,2020/11/2
1717,GT4A0,NB01,1,2020/10/26
1718,GL4A0,NB01,7,2020/10/26
1719,GT4A0,NB01,2,2020/10/26
1720,FYG50,NB12,2,2020/10/26
1721,FYG50,NB12,1,2020/10/26
1722,GL4A0,NB01,75,2020/10/26
1723,GS453,NB12,2,2020/10/30
1724,GS453,NB12,300,2020/10/30
1725,GS453,NB12,162,2020/10/30
1726,GT4A0,NB01,6,2020/10/27
1727,GT4A0,NB01,15,2020/10/26
1728,GT4A0,NB01,2,2020/10/28
1729,GYG41,NB12,60,2020/11/2
1730,GT4A0,NB01,1,2020/10/28
1731,HS45C,NB12,260,2020/10/12
1732,GP740,NB01,7,2020/9/30
1733,GX4A0,NB01,1,2020/9/30
1734,GL5A0,NB01,150,2020/9/30
1735,GL5A0,NB01,90,2020/11/13
1736,GL5A0,NB01,20,2020/11/13
1737,GL5A0,NB01,30,2020/11/13
1738,FL490,NB01,40,2020/10/1
1739,GY55B,NB12,3,2020/11/2
1740,GX4A0,NB01,1,2020/10/4
1741,GT4A1,NB01,15,2020/10/4
1742,FYG50,NB12,140,2020/10/15
1743,GP540,NB01,4,2020/10/28
1744,GT4A0,NB01,1,2020/10/28
1745,GT4A0,NB01,1,2020/10/28
1746,GP5A1,NB01,1,2020/10/28
1747,GP540,NB01,1,2020/10/28
1748,GP54G,NB01,5,2020/10/28
1749,GT4A0,NB01,23,2020/10/28
1750,GP540,NB01,5,2020/10/28
1751,GP540,NB01,1,2020/10/28
1752,GP5A1,NB01,40,2020/10/28
1753,GP540,NB01,4,2020/10/28
1754,HS45C,NB12,260,2020/10/12
1755,HS45C,NB12,260,2020/10/12
1756,HS45C,NB12,260,2020/10/12
1757,HS45C,NB12,260,2020/10/12
1758,HS45C,NB12,260,2020/10/12
1759,HS45C,NB12,260,2020/10/12
1760,HS45C,NB12,120,2020/11/2
1761,HS45C,NB12,260,2020/10/12
1762,HS45C,NB12,260,2020/10/12
1763,HS45C,NB12,260,2020/10/12
1764,HS45C,NB12,260,2020/10/12
1765,HS45C,NB12,260,2020/10/12
1766,GX3A1,NB01,50,2020/10/6
1767,GP540,NB01,10,2020/10/28
1768,HS45C,NB12,260,2020/10/12
1769,GP540,NB01,2,2020/10/28
1770,GP740,NB01,2,2020/10/28
1771,GP5A1,NB01,2,2020/10/30
1772,GYG50,NB01,2,2020/10/30
1773,GE4B0,NB01,50,2020/10/28
1774,GX4A0,NB01,4,2020/11/13
1775,GP54G,NB01,5,2020/10/28
1776,GP540,NB01,5,2020/10/30
1777,GT4A0,NB01,11,2020/10/29
1778,GT4A0,NB01,2,2020/10/29
1779,GT4A0,NB01,6,2020/10/29
1780,FYG40,NB01,2,2020/10/29
1781,FE4A0,NB01,100,2020/9/2
1782,GT4A0,NB01,11,2020/10/26
1783,GT4A0,NB01,10,2020/10/25
1784,GX4A0,NB01,1,2020/10/4
1785,GP540,NB01,1,2020/10/31
1786,GT4A0,NB01,1,2020/10/26
1787,GT4A0,NB01,1,2020/10/26
1788,GT4A0,NB01,1,2020/10/26
1789,GT4A0,NB01,1,2020/10/26
1790,GT4A0,NB01,1,2020/10/26
1791,GYG50,NB01,9,2020/10/26
1792,FYG50,NB12,1,2020/10/26
1793,GT4A0,NB01,5,2020/10/26
1794,GT4A0,NB01,1,2020/10/26
1795,GYG50,NB01,1,2020/10/28
1796,GT4A0,NB01,4,2020/10/26
1797,GL4A0,NB01,3,2020/10/25
1798,GT4A0,NB01,1,2020/10/27
1799,GT4A0,NB01,4,2020/10/25
1800,GT4A0,NB01,5,2020/10/25
1801,GY535,NB12,1,2020/10/25
1802,GT4A0,NB01,3,2020/10/25
1803,GT4A0,NB01,20,2020/10/27
1804,GL4A0,NB01,1,2020/10/25
1805,GYGB0,NB12,50,2020/11/13
1806,GYG50,NB01,50,2020/10/27
1807,GYG50,NB01,4,2020/10/26
1808,GX4A0,NB01,1,2020/10/4
1809,GY55B,NB12,22,2020/11/2
1810,GL4A0,NB01,2,2020/10/5
1811,GX4A0,NB01,10,2020/10/5
1812,GT5A1,NB01,1,2020/10/5
1813,GYG50,NB01,2,2020/10/5
1814,GT4A1,NB01,25,2020/10/5
1815,GT4A1,NB01,25,2020/10/5
1816,GX4A0,NB01,1,2020/10/5
1817,GY510,NB12,5,2020/10/15
1818,GT4A1,NB01,1,2020/10/5
1819,GYGB0,NB12,300,2020/11/2
1820,GT4A0,NB01,3,2020/10/26
1821,GX4A0,NB01,6,2020/10/26
1822,GX3A1,NB01,50,2020/10/5
1823,GYGB0,NB12,73,2020/11/2
1824,HC150,NB12,168,2020/10/21
1825,HC150,NB12,117,2020/10/21
1826,HC150,NB12,140,2020/10/1
1827,HC110,NB12,1,2020/11/2
1828,HC150,NB12,300,2020/10/2
1829,HC150,NB12,300,2020/10/2
1830,HC150,NB12,300,2020/10/2
1831,HC150,NB12,300,2020/10/2
1832,HC150,NB12,300,2020/10/2
1833,HC150,NB12,228,2020/10/2
1834,GT4A0,NB01,15,2020/10/26
1835,GT4A0,NB01,1,2020/10/26
1836,FYG50,NB12,1,2020/10/26
1837,FYG50,NB12,1,2020/10/26
1838,GT4A0,NB01,1,2020/10/26
1839,GYG50,NB01,10,2020/10/27
1840,FYG50,NB12,1,2020/10/27
1841,GT4A0,NB01,1,2020/10/27
1842,FYG80,NB12,1,2020/10/27
1843,FYG50,NB12,1,2020/10/27
1844,GT4A0,NB01,4,2020/10/27
1845,HC150,NB12,147,2020/11/2
1846,GT4A0,NB01,2,2020/10/27
1847,HC150,NB12,300,2020/10/2
1848,HC150,NB12,300,2020/10/2
1849,HC150,NB12,300,2020/10/2
1850,HC150,NB12,300,2020/10/2
1851,HC150,NB12,200,2020/10/2
1852,HC150,NB12,300,2020/10/2
1853,HC150,NB12,40,2020/10/2
1854,HC150,NB12,80,2020/10/15
1855,HC150,NB12,300,2020/10/1
1856,HC150,NB12,251,2020/10/1
1857,HC150,NB12,300,2020/10/2
1858,HS45C,NB12,260,2020/10/12
1859,HS45C,NB12,260,2020/10/12
1860,HS45C,NB12,260,2020/10/12
1861,HS45C,NB12,260,2020/10/12
1862,HS45C,NB12,260,2020/10/12
1863,HS45C,NB12,260,2020/10/12
1864,HS45C,NB12,260,2020/10/12
1865,HS45C,NB12,260,2020/10/12
1866,HS45C,NB12,260,2020/10/12
1867,HS45C,NB12,260,2020/10/12
1868,FYG40,NB01,1,2020/10/31
1869,GP54G,NB01,2,2020/10/31
1870,GP54G,NB01,2,2020/10/31
1871,GP54G,NB01,2,2020/10/31
1872,GT4A0,NB01,4,2020/10/31
1873,GV551,NB12,252,2020/11/2
1874,GV551,NB12,300,2020/11/2
1875,GV551,NB12,15,2020/11/2
1876,GV551,NB12,252,2020/11/2
1877,GV551,NB12,2,2020/11/2
1878,GV551,NB12,164,2020/11/2
1879,GS55J,NB12,5,2020/10/15
1880,GS55J,NB12,5,2020/10/15
1881,GS55J,NB12,5,2020/10/15
1882,GS55J,NB12,5,2020/10/15
1883,GS55J,NB12,5,2020/10/15
1884,GS55J,NB12,5,2020/10/15
1885,GS55J,NB12,5,2020/10/15
1886,GS55J,NB12,5,2020/10/15
1887,GS55J,NB12,5,2020/10/15
1888,GS55J,NB12,5,2020/10/15
1889,GS55J,NB12,5,2020/10/15
1890,GY535,NB12,1,2020/10/26
1891,GYG50,NB01,2,2020/10/28
1892,GX3A1,NB01,1,2020/10/26
1893,GX3A1,NB01,1,2020/10/26
1894,GT4A0,NB01,3,2020/10/26
1895,GT4A0,NB01,8,2020/10/26
1896,GX3A1,NB01,10,2020/10/26
1897,GT4A0,NB01,2,2020/10/28
1898,GT4A0,NB01,75,2020/10/28
1899,GYG50,NB01,2,2020/10/26
1900,GL4A5,NB01,1,2020/10/26
1901,GT4A0,NB01,181,2020/10/27
1902,GT4A0,NB01,71,2020/10/27
1903,GT4A0,NB01,3,2020/10/27
1904,FYG50,NB12,1,2020/10/27
1905,GL4A0,NB01,40,2020/10/27
1906,GL4A0,NB01,18,2020/10/27
1907,GT4A0,NB01,200,2020/10/27
1908,GT4A0,NB01,200,2020/10/27
1909,GL4A0,NB01,5,2020/10/27
1910,GT4A0,NB01,20,2020/10/27
1911,HC150,NB12,163,2020/10/2
1912,HC150,NB12,80,2020/10/21
1913,HC130,NB12,110,2020/11/1
1914,HC150,NB12,3,2020/10/21
1915,HC110,NB12,2,2020/11/2
1916,HC130,NB12,300,2020/10/15
1917,HC130,NB12,300,2020/10/15
1918,HC130,NB12,300,2020/10/15
1919,HC130,NB12,300,2020/10/15
1920,HC130,NB12,300,2020/10/15
1921,HC130,NB12,3,2020/10/15
1922,HC130,NB12,300,2020/10/15
1923,HC130,NB12,300,2020/10/15
1924,HC130,NB12,300,2020/10/15
1925,HC130,NB12,300,2020/10/15
1926,HC130,NB12,300,2020/10/15
1927,HC130,NB12,228,2020/10/15
1928,HC150,NB12,200,2020/10/1
1929,HC110,NB12,79,2020/11/2
1930,HC110,NB12,50,2020/11/2
1931,HC110,NB12,60,2020/11/2
1932,HC110,NB12,30,2020/11/2
1933,HC110,NB12,60,2020/11/2
1934,HC130,NB12,100,2020/11/1
1935,GT4A0,NB01,1,2020/10/27
1936,GYG50,NB01,1,2020/11/5
1937,GT4A0,NB01,1,2020/10/26
1938,GX4A0,NB01,1,2020/10/6
1939,GP5A1,NB01,5,2020/10/31
1940,HS45C,NB12,260,2020/10/12
1941,HC150,NB12,195,2020/10/1
1942,HC150,NB12,300,2020/10/2
1943,HC150,NB12,300,2020/10/2
1944,HC150,NB12,300,2020/10/2
1945,HC150,NB12,300,2020/10/2
1946,HC150,NB12,300,2020/10/2
1947,HC130,NB12,110,2020/11/1
1948,HC130,NB12,114,2020/11/1
1949,HC150,NB12,300,2020/10/2
1950,HC150,NB12,50,2020/10/2
1951,HC110,NB12,1,2020/11/2
1952,FYG50,NB12,1,2020/10/27
1953,FYG50,NB12,1,2020/10/27
1954,FYG50,NB12,1,2020/10/27
1955,GT4A0,NB01,15,2020/10/27
1956,FYG50,NB12,1,2020/10/27
1957,FYG50,NB12,4,2020/10/27
1958,FYG80,NB12,1,2020/10/27
1959,GT4A0,NB01,1,2020/10/27
1960,GT4A0,NB01,2,2020/10/27
1961,GT4A0,NB01,1,2020/10/27
1962,FYG41,NB12,1,2020/10/27
1963,GYG50,NB01,1,2020/11/5
1964,GYG50,NB01,1,2020/11/5
1965,GP540,NB01,1,2020/11/5
1966,FE5A0,NB01,1,2020/11/5
1967,GV551,NB12,3,2020/11/5
1968,GL5A0,NB01,1,2020/11/5
1969,GL5A0,NB01,1,2020/11/5
1970,GL5A0,NB01,1,2020/11/5
1971,GYG50,NB01,1,2020/11/5
1972,GYG50,NB01,1,2020/11/5
1973,GP540,NB01,1,2020/11/5
1974,GP540,NB01,1,2020/11/5
1975,GYG50,NB01,3,2020/10/28
1976,GT4A0,NB01,10,2020/10/26
1977,FX490,NB01,50,2020/10/28
1978,GYGB0,NB12,1,2020/10/26
1979,GX3A1,NB01,1,2020/10/26
1980,GT4A0,NB01,2,2020/10/26
1981,FYG80,NB12,1,2020/10/27
1982,GY535,NB12,1,2020/10/26
1983,GYG51,NB12,15,2020/11/2
1984,GL4A0,NB01,2,2020/10/27
1985,GX3A1,NB01,1,2020/10/27
1986,GT4A0,NB01,1,2020/10/27
1987,FG541,NB12,150,2020/11/13
1988,GT5A1,NB01,10,2020/10/9
1989,GYG50,NB01,1,2020/10/9
1990,GT4A1,NB01,6,2020/10/9
1991,GT4A1,NB01,6,2020/10/9
1992,GYG50,NB01,1,2020/10/9
1993,GX4A0,NB01,10,2020/10/9
1994,FYG80,NB12,4,2020/11/2
1995,GT4A1,NB01,5,2020/10/9
1996,GT4A1,NB01,7,2020/10/9
1997,GT5A1,NB01,30,2020/10/9
1998,GP54G,NB01,5,2020/10/31
1999,GP5A1,NB01,5,2020/10/31
2000,GP5A1,NB01,25,2020/11/2
2001,GP54G,NB01,22,2020/11/2
2002,GP5A1,NB01,10,2020/11/5
2003,GP54G,NB01,2,2020/11/5
2004,GP54G,NB01,2,2020/11/5
2005,GT4A0,NB01,1,2020/10/31
2006,GP540,NB01,1,2020/10/31
2007,GP540,NB01,1,2020/10/31
2008,GP5A1,NB01,3,2020/10/31
2009,HS45C,NB12,260,2020/10/12
2010,HS45C,NB12,260,2020/10/12
2011,HS45C,NB12,260,2020/10/12
2012,HS45C,NB12,260,2020/10/12
2013,HS45C,NB12,260,2020/10/12
2014,GY510,NB12,100,2020/10/16
2015,GL4A0,NB01,90,2020/10/25
2016,GL4A0,NB01,90,2020/10/25
2017,GE4B0,NB01,6,2020/10/17
2018,GE4B0,NB01,1,2020/10/17
2019,HC110,NB12,3,2020/11/2
2020,FYG80,NB12,1,2020/10/27
2021,GP540,NB01,1,2020/11/5
2022,GX3A1,NB01,1,2020/10/27
2023,GL4A0,NB01,250,2020/10/9
2024,FYG40,NB01,1,2020/10/31
2025,HC110,NB12,25,2020/11/2
2026,HC110,NB12,60,2020/11/2
2027,HC150,NB12,300,2020/10/2
2028,HC150,NB12,172,2020/10/2
2029,HC110,NB12,7,2020/11/2
2030,HC150,NB12,4,2020/11/2
2031,GV451,NB12,300,2020/10/2
2032,GV451,NB12,300,2020/10/2
2033,GV451,NB12,300,2020/10/2
2034,GV451,NB12,108,2020/10/2
2035,GV451,NB12,300,2020/10/2
2036,FX490,NB01,19,2020/10/27
2037,GP54G,NB01,5,2020/10/27
2038,GP54G,NB01,5,2020/10/27
2039,GP54G,NB01,5,2020/10/27
2040,GT4A0,NB01,8,2020/10/27
2041,FYG50,NB12,1,2020/10/27
2042,GX4A0,NB01,1,2020/10/28
2043,GL4A0,NB01,15,2020/10/28
2044,GT4A0,NB01,10,2020/10/27
2045,GT4A0,NB01,7,2020/10/27
2046,GT4A0,NB01,1,2020/10/27
2047,GP54G,NB01,1,2020/11/5
2048,GL4A0,NB01,1,2020/11/9
2049,GL5A0,NB01,1,2020/11/5
2050,GP54G,NB01,1,2020/11/5
2051,FE5A0,NB01,1,2020/11/5
2052,GYG41,NB12,300,2020/10/20
2053,GYG41,NB12,300,2020/10/20
2054,GYG41,NB12,300,2020/10/20
2055,GYG41,NB12,300,2020/10/20
2056,GYG41,NB12,300,2020/10/20
2057,GYG41,NB12,300,2020/10/20
2058,GYG41,NB12,300,2020/10/20
2059,GYG50,NB01,1,2020/10/27
2060,GT4A0,NB01,1,2020/10/29
2061,GX3A1,NB01,1,2020/10/27
2062,GX3A1,NB01,1,2020/10/27
2063,FYG50,NB12,1,2020/10/27
2064,GX3A1,NB01,1,2020/10/27
2065,GT4A0,NB01,2,2020/11/6
2066,GT4A0,NB01,148,2020/11/6
2067,GP54G,NB01,5,2020/10/27
2068,GX3A1,NB01,1,2020/10/29
2069,GX4A0,NB01,2,2020/10/29
2070,GL4A0,NB01,3,2020/10/27
2071,FE595,NB01,1,2020/10/9
2072,GT4A1,NB01,7,2020/10/9
2073,GT4A1,NB01,3,2020/10/9
2074,GT5A1,NB01,1,2020/10/9
2075,GL5A0,NB01,40,2020/11/13
2076,GL5A0,NB01,30,2020/11/13
2077,GT4A1,NB01,1,2020/10/9
2078,GP540,NB01,11,2020/10/9
2079,GT4A1,NB01,2,2020/10/9
2080,GX4A0,NB01,5,2020/10/9
2081,GX4A0,NB01,1,2020/10/9
2082,FYG40,NB01,1,2020/10/31
2083,FYG40,NB01,2,2020/10/31
2084,FYG40,NB01,2,2020/10/31
2085,GP5A1,NB01,2,2020/10/31
2086,GP540,NB01,1,2020/10/31
2087,GT4A0,NB01,1,2020/11/1
2088,GT4A0,NB01,1,2020/11/1
2089,GP5A1,NB01,1,2020/11/1
2090,GP540,NB01,1,2020/11/1
2091,GP5A1,NB01,1,2020/11/1
2092,FYG40,NB01,4,2020/11/1
2093,GV451,NB12,300,2020/10/2
2094,GT4A0,NB01,4,2020/10/27
2095,GYG41,NB12,300,2020/10/20
2096,GS454,NB12,3,2020/10/27
2097,GYG50,NB01,5,2020/10/9
2098,GP5A1,NB01,1,2020/11/1
2099,GV451,NB12,300,2020/10/2
2100,GV451,NB12,108,2020/10/2
2101,GV451,NB12,300,2020/10/2
2102,GV451,NB12,300,2020/10/2
2103,GV451,NB12,300,2020/10/2
2104,GV451,NB12,100,2020/10/2
2105,GYG51,NB12,2,2020/11/2
2106,GYG51,NB12,300,2020/11/2
2107,GYG51,NB12,268,2020/11/2
2108,GYG51,NB12,30,2020/11/2
2109,HC110,NB12,1,2020/11/1
2110,GX4A0,NB01,1,2020/10/27
2111,GP54G,NB01,5,2020/10/28
2112,GT4A0,NB01,5,2020/10/28
2113,GL4A0,NB01,30,2020/10/28
2114,GP54G,NB01,2,2020/10/28
2115,GP54G,NB01,2,2020/10/28
2116,FYG50,NB12,1,2020/10/28
2117,FP730,NB01,3,2020/10/28
2118,FP730,NB01,2,2020/10/28
2119,GL4A0,NB01,5,2020/10/28
2120,GT4A0,NB01,1,2020/10/28
2121,GYG41,NB12,139,2020/10/20
2122,HC131,NB12,25,2020/11/4
2123,FG5N0,NB12,300,2020/10/18
2124,FG5N0,NB12,36,2020/10/18
2125,FG5N0,NB12,300,2020/10/26
2126,FG5N0,NB12,300,2020/10/26
2127,FG5N0,NB12,167,2020/10/26
2128,FG5N0,NB12,300,2020/10/26
2129,FG5N0,NB12,300,2020/10/26
2130,FG5N0,NB12,184,2020/10/26
2131,FG5NC,NB12,10,2020/11/2
2132,GT4A0,NB01,3,2020/10/29
2133,GP54G,NB01,1,2020/10/27
2134,GL4A0,NB01,1,2020/10/27
2135,GT4A0,NB01,3,2020/10/29
2136,GX3A1,NB01,1,2020/10/27
2137,GL4A0,NB01,1,2020/10/28
2138,GYG50,NB01,2,2020/10/28
2139,GX3A1,NB01,1,2020/10/28
2140,GX3A1,NB01,1,2020/10/28
2141,GX3A1,NB01,1,2020/10/28
2142,GX3A1,NB01,1,2020/10/28
2143,GX4A0,NB01,20,2020/10/28
2144,GX4A0,NB01,1,2020/10/9
2145,GT4A1,NB01,20,2020/10/7
2146,GL4A0,NB01,1,2020/10/9
2147,GT4A1,NB01,80,2020/10/9
2148,GX3A1,NB01,10,2020/11/18
2149,GT4A1,NB01,15,2020/10/9
2150,GT4A1,NB01,2,2020/10/9
2151,GT5A1,NB01,2,2020/10/9
2152,GL4A0,NB01,5,2020/10/9
2153,GV450,NB12,100,2020/11/2
2154,GT4A1,NB01,40,2020/10/10
2155,GL4A0,NB01,10,2020/11/1
2156,GP5A1,NB01,3,2020/11/1
2157,FX490,NB01,1,2020/11/1
2158,GT4A0,NB01,3,2020/11/1
2159,FYG40,NB01,1,2020/11/1
2160,GP5A1,NB01,10,2020/11/1
2161,GP5A1,NB01,1,2020/11/1
2162,GP5A1,NB01,1,2020/11/1
2163,GP5A1,NB01,1,2020/11/1
2164,GP740,NB01,8,2020/11/13
2165,GP740,NB01,7,2020/11/13
2166,HC150,NB12,272,2020/10/2
2167,FX490,NB01,2,2020/10/28
2168,FG5NC,NB12,30,2020/11/2
2169,GY530,NB12,1,2020/11/3
2170,GT4A1,NB01,250,2020/10/10
2171,GP740,NB01,4,2020/11/13
2172,HC150,NB12,300,2020/10/2
2173,HC150,NB12,10,2020/10/2
2174,HC150,NB12,300,2020/10/2
2175,HC150,NB12,300,2020/10/2
2176,HC110,NB12,1,2020/11/1
2177,HS150,NB12,1,2020/11/2
2178,HC110,NB12,2,2020/11/1
2179,HC131,NB12,21,2020/11/2
2180,HC150,NB12,130,2020/10/21
2181,GYG91,NB12,264,2020/11/2
2182,GYG91,NB12,237,2020/10/28
2183,FX490,NB01,98,2020/10/28
2184,FX490,NB01,2,2020/10/28
2185,FX490,NB01,264,2020/10/28
2186,GT4A0,NB01,3,2020/10/29
2187,GT4A0,NB01,2,2020/10/30
2188,DMX3A,NB01,2,2020/10/28
2189,GYG50,NB01,2,2020/10/29
2190,FP530,NB01,8,2020/10/28
2191,GT4A0,NB01,2,2020/10/28
2192,GT4A0,NB01,300,2020/10/28
2193,GT4A0,NB01,98,2020/10/28
2194,FG5NC,NB12,90,2020/11/2
2195,GX3A1,NB01,2,2020/11/6
2196,GX3A1,NB01,1,2020/11/6
2197,GX3A1,NB01,1,2020/11/6
2198,GV551,NB12,300,2020/10/2
2199,GV551,NB12,200,2020/10/2
2200,FY515,NB12,100,2020/10/2
2201,FY515,NB12,100,2020/10/2
2202,GV450,NB12,300,2020/11/2
2203,GV450,NB12,200,2020/11/2
2204,FY515,NB12,2,2020/11/2
2205,GX3A1,NB01,1,2020/10/29
2206,GY55D,NB12,199,2020/11/2
2207,FE595,NB01,1,2020/10/30
2208,FE595,NB01,1,2020/10/31
2209,GP540,NB01,2,2020/11/2
2210,GP540,NB01,2,2020/11/2
2211,GX3A1,NB01,1,2020/10/31
2212,GX3A1,NB01,1,2020/10/31
2213,GX3A1,NB01,1,2020/10/31
2214,GP540,NB01,5,2020/10/31
2215,HC131,NB12,100,2020/11/2
2216,HC131,NB12,100,2020/11/2
2217,GX3A1,NB01,1,2020/10/31
2218,GL4A0,NB01,50,2020/10/10
2219,GL5A0,NB01,2,2020/10/10
2220,GL4A0,NB01,50,2020/10/10
2221,GYG50,NB01,4,2020/10/11
2222,GYG50,NB01,20,2020/10/11
2223,GT4A1,NB01,5,2020/10/10
2224,GX4A0,NB01,20,2020/10/10
2225,GT4A1,NB01,1,2020/10/10
2226,GL4A0,NB01,1,2020/10/10
2227,GL5A0,NB01,3,2020/10/10
2228,GT4A1,NB01,2,2020/10/10
2229,GP740,NB01,8,2020/11/13
2230,GT4A0,NB01,5,2020/11/1
2231,GT4A0,NB01,29,2020/11/1
2232,GT4A0,NB01,1,2020/11/1
2233,GT5A1,NB01,1,2020/11/1
2234,GP5A1,NB01,1,2020/11/1
2235,DMX3A,NB01,1,2020/11/1
2236,FX490,NB01,10,2020/11/1
2237,FX490,NB01,5,2020/11/1
2238,FX490,NB01,5,2020/11/1
2239,FP530,NB01,2,2020/11/1
2240,FYG40,NB01,1,2020/11/1
2241,GYG51,NB12,2,2020/11/2
2242,FYG50,NB12,1,2020/10/29
2243,FY515,NB12,148,2020/11/2
2244,FYG50,NB12,1,2020/10/31
2245,GT4A1,NB01,98,2020/10/10
2246,GYG50,NB01,5,2020/11/1
2247,GYG51,NB12,123,2020/11/2
2248,FYG80,NB12,300,2020/11/2
2249,FYG80,NB12,300,2020/11/2
2250,FYG80,NB12,200,2020/11/2
2251,FYG41,NB12,300,2020/11/2
2252,FYG41,NB12,100,2020/11/2
2253,HC110,NB12,2,2020/11/1
2254,FE5A0,NB01,10,2020/9/14
2255,GP540,NB01,174,2020/9/15
2256,HC110,NB12,2,2020/11/1
2257,HC110,NB12,1,2020/11/1
2258,HC150,NB12,50,2020/11/2
2259,GX4A0,NB01,2,2020/10/29
2260,GX4A0,NB01,2,2020/10/29
2261,FYG50,NB12,1,2020/10/29
2262,GL4A0,NB01,42,2020/10/29
2263,FYG50,NB12,1,2020/10/29
2264,FYG80,NB12,1,2020/10/29
2265,GYG50,NB01,23,2020/10/29
2266,FP730,NB01,2,2020/10/29
2267,GP5A1,NB01,10,2020/10/29
2268,GX4A0,NB01,1,2020/10/29
2269,FX490,NB01,10,2020/10/29
2270,GV451,NB12,200,2020/11/2
2271,GV451,NB12,300,2020/10/2
2272,GV451,NB12,200,2020/10/2
2273,GV451,NB12,300,2020/11/2
2274,GV451,NB12,200,2020/11/2
2275,GS550,NB12,80,2020/11/2
2276,GV450,NB12,8,2020/7/24
2277,GY535,NB12,1,2020/7/22
2278,GS450,NB12,300,2020/10/28
2279,GS450,NB12,200,2020/10/28
2280,GS450,NB12,300,2020/10/30
2281,GS345,NB12,1,2020/10/31
2282,GX3A1,NB01,1,2020/10/31
2283,GYG50,NB01,1,2020/11/3
2284,FX490,NB01,1,2020/11/3
2285,GX4A0,NB01,1,2020/11/3
2286,GP54G,NB01,1,2020/11/3
2287,GT4A0,NB01,1,2020/11/1
2288,GT4A0,NB01,1,2020/11/1
2289,GX3A1,NB01,2,2020/11/3
2290,HC150,NB12,1,2020/11/1
2291,GT4A0,NB01,1,2020/11/1
2292,GP540,NB01,1,2020/11/1
2293,GY530,NB12,1,2020/11/1
2294,GX4A0,NB01,5,2020/10/10
2295,GT4A1,NB01,35,2020/10/10
2296,GT4A1,NB01,100,2020/10/10
2297,GT4A1,NB01,2,2020/10/10
2298,GT4A1,NB01,98,2020/10/10
2299,GX4A0,NB01,1,2020/10/10
2300,GYG50,NB01,1,2020/10/10
2301,GT4A1,NB01,10,2020/10/10
2302,GT4A1,NB01,300,2020/10/10
2303,GT4A1,NB01,50,2020/10/10
2304,GT4A1,NB01,1,2020/10/10
2305,GY510,NB12,44,2020/10/15
2306,GT4A0,NB01,1,2020/11/1
2307,GT4A0,NB01,1,2020/11/1
2308,GX4A0,NB01,1,2020/11/1
2309,GP5A1,NB01,50,2020/11/2
2310,GP54G,NB01,5,2020/11/2
2311,GT4A0,NB01,1,2020/11/2
2312,FX490,NB01,1,2020/11/2
2313,FX490,NB01,1,2020/11/2
2314,GP54G,NB01,2,2020/11/2
2315,GP540,NB01,5,2020/11/2
2316,GY55D,NB12,1,2020/11/2
2317,FYG40,NB01,20,2020/11/2
2318,FP530,NB01,11,2020/9/16
2319,FYG50,NB12,1,2020/10/29
2320,GS450,NB12,200,2020/10/30
2321,GT4A0,NB01,10,2020/11/1
2322,GX3A1,NB01,1,2020/10/11
2323,FYG40,NB01,1,2020/11/2
2324,GS54D,NB12,150,2020/11/2
2325,GS44D,NB12,2,2020/11/2
2326,GS44D,NB12,300,2020/11/2
2327,GS44D,NB12,98,2020/11/2
2328,FE4A0,NB01,41,2020/9/16
2329,GS550,NB12,2,2020/10/28
2330,GY55H,NB12,300,2020/11/2
2331,GY55H,NB12,120,2020/11/2
2332,FP730,NB01,144,2020/9/19
2333,FP530,NB01,12,2020/9/17
2334,HC150,NB12,30,2020/11/2
2335,FYG41,NB12,1,2020/10/30
2336,FYG50,NB12,1,2020/10/30
2337,FYG50,NB12,1,2020/10/30
2338,GX4A0,NB01,1,2020/10/30
2339,GX4A0,NB01,1,2020/10/31
2340,FYG50,NB12,1,2020/10/31
2341,GX4A0,NB01,1,2020/10/31
2342,GX4A0,NB01,1,2020/10/31
2343,FYG50,NB12,1,2020/10/31
2344,GX4A0,NB01,2,2020/10/31
2345,GP540,NB01,2,2020/10/31
2346,GV450,NB12,300,2020/11/2
2347,GV450,NB12,77,2020/11/2
2348,GV451,NB12,300,2020/10/2
2349,GV451,NB12,200,2020/10/2
2350,GY55M,NB12,97,2020/10/2
2351,GY55M,NB12,3,2020/10/2
2352,GV451,NB12,300,2020/11/2
2353,GV451,NB12,200,2020/11/2
2354,FY516,NB12,20,2020/8/19
2355,FYG80,NB12,20,2020/11/2
2356,FG542,NB12,1,2020/9/7
2357,GP5A1,NB01,1,2020/11/3
2358,GP5A1,NB01,5,2020/11/3
2359,GT4A0,NB01,1,2020/11/1
2360,GT4A0,NB01,1,2020/11/2
2361,GX3A1,NB01,1,2020/11/2
2362,GT4A0,NB01,1,2020/11/2
2363,GT4A0,NB01,175,2020/11/2
2364,GT4A0,NB01,8,2020/11/2
2365,GY55D,NB12,1,2020/11/2
2366,GT4A0,NB01,1,2020/11/2
2367,GY55F,NB12,1,2020/11/2
2368,GX4A0,NB01,4,2020/11/2
2369,GX4A0,NB01,1,2020/10/11
2370,FYG80,NB12,1,2020/10/13
2371,FL590,NB01,1,2020/10/11
2372,GX4A0,NB01,8,2020/10/11
2373,GX4A0,NB01,8,2020/10/11
2374,GX4A0,NB01,1,2020/10/11
2375,GL5A0,NB01,11,2020/10/11
2376,GT4A1,NB01,6,2020/10/13
2377,GT4A1,NB01,6,2020/10/11
2378,GYG50,NB01,1,2020/10/11
2379,GT4A1,NB01,1,2020/10/11
2380,GX4A0,NB01,5,2020/10/11
2381,FYG40,NB01,1,2020/11/2
2382,FYG40,NB01,1,2020/11/2
2383,FYG40,NB01,1,2020/11/2
2384,FYG40,NB01,1,2020/11/2
2385,FYG40,NB01,1,2020/11/2
2386,FYG40,NB01,1,2020/11/2
2387,FYG40,NB01,1,2020/11/2
2388,FYG40,NB01,1,2020/11/2
2389,FYG40,NB01,1,2020/11/2
2390,FYG40,NB01,1,2020/11/2
2391,HC130,NB12,17,2020/11/2
2392,GX4A0,NB01,1,2020/10/31
2393,GY55H,NB12,100,2020/10/26
2394,GX4A0,NB01,1,2020/11/2
2395,GT4A1,NB01,2,2020/10/12
2396,FYG40,NB01,1,2020/11/2
2397,FYG40,NB01,1,2020/11/2
2398,FYG40,NB01,1,2020/11/2
2399,GP5A1,NB01,6,2020/11/2
2400,GY55D,NB12,1,2020/11/2
2401,GT4A0,NB01,1,2020/11/3
2402,GT4A0,NB01,2,2020/11/3
2403,FX490,NB01,5,2020/11/3
2404,FX490,NB01,1,2020/11/3
2405,FX490,NB01,1,2020/11/3
2406,FX490,NB01,1,2020/11/3
2407,FYG40,NB01,1,2020/11/3
2408,GY510,NB12,10,2020/10/15
2409,GY510,NB12,20,2020/10/15
2410,GY510,NB12,10,2020/10/15
2411,GV450,NB12,100,2020/11/2
2412,GL5A0,NB01,20,2020/10/12
2413,GY510,NB12,5,2020/10/12
2414,GX4A0,NB01,8,2020/10/12
2415,GL4A0,NB01,20,2020/10/12
2416,GL4A0,NB01,20,2020/10/12
2417,GL4A0,NB01,25,2020/10/12
2418,GX4A0,NB01,5,2020/10/12
2419,GY55F,NB12,1,2020/11/2
2420,GT4A0,NB01,95,2020/11/5
2421,GT4A0,NB01,162,2020/11/5
2422,GT4A0,NB01,6,2020/11/3
2423,GT4A0,NB01,2,2020/11/3
2424,GYG50,NB01,1,2020/11/3
2425,FYG50,NB12,1,2020/11/3
2426,GX3A1,NB01,1,2020/11/4
2427,GP740,NB01,1,2020/11/6
2428,GYG50,NB01,1,2020/11/4
2429,GP54G,NB01,1,2020/11/6
2430,FYG80,NB12,20,2020/11/2
2431,FYG80,NB12,25,2020/11/2
2432,FYG80,NB12,30,2020/11/2
2433,GY55H,NB12,200,2020/10/26
2434,GS451,NB12,20,2020/11/2
2435,GY559,NB12,30,2020/11/2
2436,GYG40,NB01,190,2020/10/12
2437,HS355,NB12,5,2020/11/2
2438,HC150,NB12,21,2020/11/2
2439,HC150,NB12,1,2020/11/2
2440,HC150,NB12,3,2020/11/2
2441,FYG50,NB12,1,2020/11/1
2442,GT4A0,NB01,2,2020/11/1
2443,FX490,NB01,20,2020/11/1
2444,GT5A1,NB01,1,2020/11/1
2445,FYG40,NB01,1,2020/11/1
2446,FYG40,NB01,1,2020/11/1
2447,GX4A0,NB01,1,2020/11/1
2448,FE4A0,NB01,1,2020/11/1
2449,GX4A0,NB01,2,2020/11/1
2450,GS452,NB12,300,2020/11/2
2451,GS452,NB12,300,2020/11/2
2452,FYG80,NB12,194,2020/11/2
2453,FYG80,NB12,168,2020/11/2
2454,FYG80,NB12,207,2020/11/2
2455,FYG50,NB12,300,2020/11/2
2456,FYG50,NB12,66,2020/11/2
2457,FYG41,NB12,300,2020/11/2
2458,FYG41,NB12,300,2020/11/2
2459,FYG41,NB12,300,2020/11/2
2460,FYG41,NB12,195,2020/11/2
2461,FYG50,NB12,300,2020/11/2
2462,FYG50,NB12,300,2020/11/2
2463,FYG50,NB12,75,2020/11/2
2464,FYG41,NB12,300,2020/11/2
2465,GS452,NB12,300,2020/11/2
2466,HC150,NB12,100,2020/11/2
2467,GP540,NB01,1,2020/11/4
2468,GT4A1,NB01,18,2020/10/12
2469,FYG40,NB01,1,2020/11/3
2470,GY55D,NB12,1,2020/11/3
2471,FYG40,NB01,2,2020/11/3
2472,GX4A0,NB01,1,2020/11/3
2473,GY55D,NB12,1,2020/11/3
2474,FP531,NB01,4,2020/11/3
2475,FP531,NB01,1,2020/11/3
2476,FP531,NB01,5,2020/11/3
2477,GP540,NB01,1,2020/11/3
2478,GL5A0,NB01,1,2020/11/10
2479,GT4A0,NB01,1,2020/11/3
2480,GT4A0,NB01,1,2020/11/3
2481,GT4A1,NB01,3,2020/10/12
2482,GT4A1,NB01,2,2020/10/12
2483,GL4A5,NB01,10,2020/10/12
2484,GP54G,NB01,1,2020/11/18
2485,GP540,NB01,1,2020/11/18
2486,GP540,NB01,1,2020/11/18
2487,GT5A1,NB01,2,2020/10/13
2488,FL590,NB01,4,2020/10/13
2489,FE595,NB01,1,2020/10/13
2490,FL590,NB01,1,2020/10/13
2491,GX4A0,NB01,1,2020/10/13
2492,GX4A0,NB01,1,2020/10/13
2493,GP540,NB01,1,2020/11/4
2494,FE5A0,NB01,1,2020/11/4
2495,FE5A0,NB01,1,2020/11/4
2496,GL5A0,NB01,1,2020/11/4
2497,FE5A0,NB01,1,2020/11/4
2498,GYG50,NB01,1,2020/11/6
2499,FU421,DT09,1,2020/11/6
2500,GX4A0,NB01,1,2020/11/4
2501,FE5A0,NB01,1,2020/11/6
2502,GP54G,NB01,1,2020/11/6
2503,GL5A0,NB01,1,2020/11/6
2504,GYG50,NB01,1,2020/11/4
2505,HC150,NB12,100,2020/11/2
2506,GV550,NB12,100,2020/11/2
2507,HC150,NB12,6,2020/11/2
2508,HC150,NB12,54,2020/10/30
2509,HC150,NB12,80,2020/10/30
2510,HC150,NB12,20,2020/11/2
2511,FYG50,NB12,4,2020/11/2
2512,FYG50,NB12,34,2020/11/2
2513,HS152,NB12,150,2020/10/19
2514,HC150,NB12,1,2020/11/2
2515,HC150,NB12,2,2020/11/2
2516,GS452,NB12,76,2020/11/2
2517,FG542,NB12,300,2020/11/2
2518,FG542,NB12,300,2020/11/2
2519,FG542,NB12,300,2020/11/2
2520,FG542,NB12,100,2020/11/2
2521,FE4A0,NB01,1,2020/11/1
2522,GP54G,NB01,10,2020/11/2
2523,GP54G,NB01,1,2020/11/1
2524,GP54G,NB01,1,2020/11/1
2525,GP540,NB01,1,2020/11/1
2526,GT4A0,NB01,3,2020/11/1
2527,FYG41,NB12,265,2020/11/2
2528,FYG41,NB12,300,2020/11/2
2529,FYG41,NB12,145,2020/11/2
2530,FYG80,NB12,196,2020/11/2
2531,FYG50,NB12,300,2020/11/2
2532,FYG50,NB12,178,2020/11/2
2533,FYG50,NB12,300,2020/11/2
2534,FYG50,NB12,209,2020/11/2
2535,FYG41,NB12,300,2020/11/2
2536,FYG41,NB12,100,2020/11/2
2537,FYG50,NB12,300,2020/11/2
2538,FYG50,NB12,195,2020/11/2
2539,FYG50,NB12,300,2020/11/2
2540,FP531,NB01,1,2020/11/1
2541,FE595,NB01,2,2020/9/2
2542,GS454,NB12,1,2020/11/4
2543,GT4A0,NB01,10,2020/10/13
2544,FX490,NB01,1,2020/11/3
2545,FYG50,NB12,300,2020/11/2
2546,FYG50,NB12,99,2020/11/2
2547,FYG41,NB12,300,2020/11/2
2548,FYG41,NB12,105,2020/11/2
2549,FYG41,NB12,300,2020/11/2
2550,FYG41,NB12,90,2020/11/2
2551,FYG41,NB12,300,2020/11/2
2552,FYG41,NB12,30,2020/11/2
2553,FYG50,NB12,300,2020/11/2
2554,FYG50,NB12,73,2020/11/2
2555,FYG50,NB12,300,2020/11/2
2556,FYG50,NB12,300,2020/11/2
2557,FYG50,NB12,84,2020/11/2
2558,GP540,NB01,1,2020/11/1
2559,GP540,NB01,1,2020/11/2
2560,GX4A0,NB01,1,2020/11/1
2561,GYG50,NB01,1,2020/11/1
2562,FYG50,NB12,1,2020/11/1
2563,GX4A0,NB01,1,2020/11/2
2564,GX4A0,NB01,1,2020/11/2
2565,FYG50,NB12,1,2020/11/2
2566,GP540,NB01,1,2020/11/2
2567,GP540,NB01,1,2020/11/2
2568,FYG40,NB01,5,2020/11/2
2569,FE595,NB01,248,2020/9/2
2570,HC150,NB12,283,2020/11/2
2571,HC150,NB12,300,2020/11/2
2572,HC150,NB12,70,2020/11/2
2573,HC150,NB12,16,2020/10/1
2574,HC150,NB12,200,2020/11/2
2575,HC150,NB12,300,2020/10/1
2576,HC150,NB12,200,2020/10/1
2577,HC150,NB12,3,2020/11/2
2578,GV451,NB12,150,2020/11/2
2579,GE420,NB01,1,2020/9/6
2580,GYG50,NB01,1,2020/11/6
2581,GX4A0,NB01,1,2020/11/4
2582,GS44D,NB12,30,2020/11/4
2583,GS44D,NB12,30,2020/11/4
2584,GS44D,NB12,20,2020/11/4
2585,GS44D,NB12,70,2020/11/4
2586,GYG50,NB01,1,2020/11/4
2587,GYG50,NB01,1,2020/11/4
2588,GYG50,NB01,1,2020/11/4
2589,GYG50,NB01,1,2020/11/4
2590,GYG50,NB01,1,2020/11/4
2591,GL4A0,NB01,20,2020/10/13
2592,GT5A1,NB01,9,2020/10/13
2593,GT4A1,NB01,1,2020/10/13
2594,GX4A0,NB01,2,2020/10/13
2595,GT4A1,NB01,1,2020/10/13
2596,GT4A1,NB01,1,2020/10/13
2597,GT5A1,NB01,2,2020/10/13
2598,GX3A1,NB01,10,2020/10/13
2599,GYG50,NB01,1,2020/10/14
2600,GT4A1,NB01,1,2020/10/14
2601,GT4A1,NB01,1,2020/10/14
2602,FX490,NB01,1,2020/11/4
2603,FU421,DT09,3,2020/11/4
2604,FE495,NB01,3,2020/11/4
2605,GX4A0,NB01,1,2020/11/4
2606,FE5A0,NB01,1,2020/11/6
2607,GP540,NB01,1,2020/11/4
2608,FX490,NB01,1,2020/11/4
2609,GYG50,NB01,1,2020/11/4
2610,GYG50,NB01,1,2020/11/4
2611,GL5A0,NB01,1,2020/11/4
2612,GS55J,NB12,1,2020/11/4
2613,GP540,NB01,1,2020/11/4
2614,GL4A5,NB01,45,2020/9/20
2615,FX490,NB01,5,2020/11/2
2616,HC130,NB12,108,2020/10/1
2617,GYG50,NB01,1,2020/11/6
2618,GYG50,NB01,10,2020/10/14
2619,GP540,NB01,1,2020/11/4
2620,HC150,NB12,2,2020/11/2
2621,FYG41,NB12,300,2020/11/2
2622,FYG41,NB12,300,2020/11/2
2623,FYG41,NB12,300,2020/11/2
2624,FYG41,NB12,17,2020/11/2
2625,FYG41,NB12,300,2020/11/2
2626,FYG41,NB12,300,2020/11/2
2627,FYG41,NB12,300,2020/11/2
2628,FYG41,NB12,36,2020/11/2
2629,HC130,NB12,27,2020/11/2
2630,HC130,NB12,20,2020/11/2
2631,GV451,NB12,15,2020/11/2
2632,GP540,NB01,1,2020/11/2
2633,GX4A0,NB01,1,2020/11/2
2634,GP540,NB01,1,2020/11/2
2635,GP540,NB01,1,2020/11/2
2636,GP540,NB01,3,2020/11/2
2637,GP54G,NB01,1,2020/11/2
2638,FX490,NB01,2,2020/11/2
2639,FX490,NB01,154,2020/11/2
2640,FYG40,NB01,1,2020/11/2
2641,FYG40,NB01,4,2020/11/2
2642,GP540,NB01,1,2020/11/2
2643,GP54G,NB01,1,2020/11/2
2644,GE420,NB01,1,2020/9/7
2645,GE420,NB01,1,2020/9/7
2646,GE420,NB01,1,2020/9/8
2647,GE420,NB01,1,2020/9/8
2648,GE420,NB01,1,2020/9/8
2649,GE420,NB01,1,2020/9/8
2650,HC150,NB12,300,2020/10/1
2651,GY55H,NB12,2,2020/10/2
2652,GY55H,NB12,300,2020/10/2
2653,GY55H,NB12,118,2020/10/2
2654,GYGB0,NB12,100,2020/10/2
2655,FG542,NB12,200,2020/10/2
2656,GYG50,NB01,1,2020/11/4
2657,GL5A0,NB01,1,2020/11/4
2658,GP540,NB01,1,2020/11/4
2659,FE5A0,NB01,1,2020/11/4
2660,FE5A0,NB01,1,2020/11/4
2661,GP54G,NB01,1,2020/11/6
2662,GP54G,NB01,1,2020/11/4
2663,FE4A0,NB01,1,2020/11/4
2664,GP540,NB01,1,2020/11/4
2665,FE4A0,NB01,1,2020/11/6
2666,GL5A0,NB01,1,2020/11/6
2667,GX4A0,NB01,1,2020/11/4
2668,FE5A0,NB01,1,2020/11/4
2669,GY510,NB12,1,2020/10/14
2670,GL5A0,NB01,66,2020/10/30
2671,GL5A0,NB01,4,2020/10/14
2672,GL5A0,NB01,44,2020/10/20
2673,GL5A0,NB01,1,2020/10/14
2674,GT4A0,NB01,1,2020/10/14
2675,GX3A1,NB01,5,2020/10/14
2676,GL5A0,NB01,2,2020/10/17
2677,GL5A0,NB01,133,2020/10/17
2678,GX3A1,NB01,1,2020/10/17
2679,GX3A1,NB01,1,2020/10/17
2680,GYG50,NB01,1,2020/11/4
2681,GX3A1,NB01,5,2020/11/20
2682,GP54G,NB01,5,2020/11/17
2683,GL4A5,NB01,4,2020/11/4
2684,GP540,NB01,1,2020/11/4
2685,GYG50,NB01,1,2020/11/4
2686,FYG40,NB01,1,2020/11/4
2687,GP540,NB01,1,2020/11/4
2688,GS450,NB12,120,2020/11/12
2689,GS450,NB12,48,2020/11/12
2690,GYG50,NB01,1,2020/11/4
2691,GP540,NB01,1,2020/11/4
2692,GV451,NB12,1,2020/11/2
2693,FYG40,NB01,1,2020/11/2
2694,FG542,NB12,200,2020/10/22
2695,FE5A0,NB01,1,2020/11/4
2696,GY510,NB12,12,2020/10/22
2697,GX4A0,NB01,1,2020/11/4
2698,GV451,NB12,1,2020/11/2
2699,FE5A0,NB01,2,2020/9/21
2700,GY559,NB12,300,2020/11/2
2701,GY559,NB12,268,2020/11/2
2702,GY559,NB12,300,2020/11/2
2703,GY559,NB12,44,2020/11/2
2704,GY559,NB12,300,2020/11/2
2705,GY559,NB12,204,2020/11/2
2706,FP530,NB01,1,2020/9/21
2707,FP530,NB01,1,2020/9/22
2708,FP530,NB01,1,2020/9/22
2709,HC110,NB12,30,2020/11/2
2710,FYG40,NB01,1,2020/11/2
2711,FYG40,NB01,1,2020/11/2
2712,GT4A0,NB01,5,2020/11/3
2713,GT4A0,NB01,6,2020/11/3
2714,GT4A0,NB01,15,2020/11/2
2715,GT4A0,NB01,30,2020/11/2
2716,GT4A0,NB01,20,2020/11/2
2717,GT4A0,NB01,20,2020/11/2
2718,FP531,NB01,1,2020/11/2
2719,FYG40,NB01,1,2020/11/2
2720,GT4A0,NB01,2,2020/11/2
2721,GT4A0,NB01,10,2020/11/10
2722,GY55H,NB12,60,2020/10/19
2723,FG542,NB12,100,2020/11/2
2724,FG542,NB12,100,2020/11/2
2725,FG542,NB12,100,2020/11/2
2726,FG542,NB12,2,2020/11/2
2727,FG542,NB12,100,2020/11/2
2728,FG542,NB12,100,2020/11/2
2729,FG542,NB12,100,2020/11/2
2730,FG542,NB12,110,2020/10/2
2731,GS454,NB12,300,2020/11/2
2732,GS454,NB12,192,2020/11/2
2733,GYG50,NB01,1,2020/11/6
2734,GP540,NB01,1,2020/11/6
2735,GL5A0,NB01,1,2020/11/4
2736,GX4A0,NB01,1,2020/11/4
2737,GYG50,NB01,1,2020/11/6
2738,GP540,NB01,1,2020/11/6
2739,GYG50,NB01,1,2020/11/4
2740,GYG50,NB01,1,2020/11/4
2741,GYG50,NB01,1,2020/11/4
2742,GP540,NB01,1,2020/11/4
2743,GYG50,NB01,1,2020/11/4
2744,GP54G,NB01,1,2020/11/4
2745,GY510,NB12,12,2020/10/22
2746,GY510,NB12,2,2020/10/22
2747,GL5A0,NB01,105,2020/10/17
2748,GX4A0,NB01,100,2020/10/18
2749,GL5A0,NB01,300,2020/10/18
2750,GL5A0,NB01,300,2020/10/18
2751,GL5A0,NB01,20,2020/10/18
2752,GY510,NB12,22,2020/10/22
2753,GY510,NB12,22,2020/10/22
2754,GT4A0,NB01,2,2020/10/17
2755,GT4A0,NB01,2,2020/10/17
2756,GYG50,NB01,1,2020/11/4
2757,GYG50,NB01,1,2020/11/4
2758,GX4A0,NB01,1,2020/11/4
2759,FU423,DT09,1,2020/11/6
2760,GL5A0,NB01,1,2020/11/4
2761,GYG50,NB01,1,2020/11/5
2762,GYG50,NB01,1,2020/11/5
2763,GP5A1,NB01,2,2020/11/4
2764,GP540,NB01,1,2020/11/4
2765,GE520,NB01,16,2020/11/4
2766,GE520,NB01,90,2020/11/4
2767,GE520,NB01,2,2020/11/4
2768,GV451,NB12,1,2020/11/2
2769,GT4A0,NB01,90,2020/11/3
2770,FG542,NB12,199,2020/10/2
2771,FE4A0,NB01,98,2020/9/25
2772,GX3A1,NB01,2,2020/10/17
2773,GS450,NB12,10,2020/11/6
2774,FE4A0,NB01,25,2020/9/23
2775,GYG50,NB01,4,2020/10/9
2776,FE4A0,NB01,1,2020/9/23
2777,FE4A0,NB01,25,2020/9/24
2778,FE4A0,NB01,40,2020/9/24
2779,GYGB0,NB12,2,2020/11/2
2780,GYGB0,NB12,166,2020/11/2
2781,HS355,NB12,2,2020/11/2
2782,HS355,NB12,198,2020/11/2
2783,FX490,NB01,193,2020/9/24
2784,FE4A0,NB01,1,2020/9/24
2785,FE4A0,NB01,24,2020/9/24
2786,GT4A0,NB01,1,2020/11/3
2787,FP531,NB01,1,2020/11/3
2788,GP4A0,NB01,1,2020/11/3
2789,GX4A0,NB01,1,2020/11/3
2790,GT4A0,NB01,1,2020/11/3
2791,GT4A0,NB01,1,2020/11/3
2792,GX4A0,NB01,1,2020/11/3
2793,GYG50,NB01,1,2020/11/3
2794,GP540,NB01,1,2020/11/3
2795,GP540,NB01,1,2020/11/3
2796,GX4A0,NB01,1,2020/11/3
2797,GX4A0,NB01,1,2020/11/3
2798,FG542,NB12,200,2020/10/2
2799,FG542,NB12,300,2020/10/2
2800,FG542,NB12,30,2020/10/2
2801,FG542,NB12,300,2020/10/2
2802,FG542,NB12,100,2020/10/2
2803,FG542,NB12,220,2020/10/2
2804,FG542,NB12,300,2020/10/2
2805,FG542,NB12,100,2020/10/2
2806,FG542,NB12,200,2020/10/2
2807,FE4A0,NB01,2,2020/10/9
2808,FE4A0,NB01,300,2020/10/9
2809,FG741,NB12,5,2020/7/1
2810,FG741,NB12,81,2020/7/1
2811,FYG50,NB12,30,2020/10/1
2812,FYG50,NB12,11,2020/10/1
2813,FYG50,NB12,18,2020/10/1
2814,FYG80,NB12,48,2020/10/1
2815,FYG80,NB12,93,2020/10/1
2816,GS540,NB12,75,2020/11/2
2817,FY515,NB12,168,2020/7/20
2818,GS54B,NB12,172,2020/11/2
2819,GS550,NB12,63,2020/11/2
2820,FYG50,NB12,15,2020/10/1
2821,GT4A0,NB01,2,2020/10/17
2822,GT4A0,NB01,2,2020/10/17
2823,GT4A0,NB01,2,2020/10/17
2824,GT4A0,NB01,2,2020/10/17
2825,GT4A0,NB01,2,2020/10/17
2826,GT4A0,NB01,3,2020/10/18
2827,GT4A0,NB01,1,2020/10/18
2828,GT4A0,NB01,2,2020/10/18
2829,GT4A0,NB01,4,2020/10/18
2830,GT4A0,NB01,1,2020/10/18
2831,GYG50,NB01,1,2020/11/4
2832,GYG50,NB01,1,2020/11/4
2833,GYG50,NB01,1,2020/11/4
2834,GE520,NB01,27,2020/11/4
2835,GP540,NB01,1,2020/11/5
2836,GYG50,NB01,1,2020/11/5
2837,GP540,NB01,1,2020/11/5
2838,GL5A0,NB01,1,2020/11/5
2839,GP540,NB01,1,2020/11/5
2840,GYG50,NB01,1,2020/11/5
2841,GX4A0,NB01,1,2020/11/5
2842,GP540,NB01,1,2020/11/5
2843,FE4A0,NB01,109,2020/9/24
2844,FX490,NB01,1,2020/11/3
2845,FE4A0,NB01,298,2020/10/9
2846,GS550,NB12,2,2020/11/2
2847,GL5A0,NB01,300,2020/10/18
2848,GYG50,NB01,1,2020/11/5
2849,FE4A0,NB01,30,2020/9/24
2850,FE4A0,NB01,210,2020/9/24
2851,FE4A0,NB01,300,2020/9/24
2852,FE4A0,NB01,30,2020/9/24
2853,FE4A0,NB01,1,2020/9/26
2854,FE5A0,NB01,1,2020/9/30
2855,GYG50,NB01,3,2020/9/27
2856,FE4A0,NB01,1,2020/9/28
2857,FYG80,NB12,4,2020/9/28
2858,FE5A0,NB01,2,2020/9/28
2859,FE4A0,NB01,2,2020/9/28
2860,GYG50,NB01,300,2020/9/30
2861,GYG50,NB01,200,2020/9/30
2862,GP540,NB01,1,2020/11/5
2863,FYG40,NB01,4,2020/11/5
2864,GX4A0,NB01,1,2020/11/5
2865,GX4A0,NB01,1,2020/11/5
2866,GYG50,NB01,1,2020/11/5
2867,GX4A0,NB01,1,2020/11/5
2868,GP540,NB01,10,2020/11/5
2869,GX4A0,NB01,1,2020/11/5
2870,GX4A0,NB01,1,2020/11/5
2871,GYG50,NB01,1,2020/11/5
2872,GL5A0,NB01,300,2020/10/18
2873,GL5A0,NB01,104,2020/10/18
2874,GT5A1,NB01,2,2020/10/18
2875,DMX3A,NB01,15,2020/10/18
2876,GT4A0,NB01,50,2020/10/18
2877,GY510,NB12,22,2020/10/22
2878,GY510,NB12,22,2020/10/22
2879,GL4A0,NB01,5,2020/10/18
2880,GX3A1,NB01,1,2020/10/18
2881,GY510,NB12,20,2020/10/22
2882,GY510,NB12,10,2020/10/22
2883,GS550,NB12,148,2020/11/2
2884,GS540,NB12,2,2020/11/2
2885,GS540,NB12,300,2020/11/2
2886,GS540,NB12,73,2020/11/2
2887,GS150,NB12,2,2020/9/3
2888,FYG50,NB12,15,2020/10/1
2889,GV551,NB12,3,2020/8/6
2890,FG542,NB12,81,2020/7/30
2891,GV551,NB12,189,2020/10/15
2892,GS550,NB12,15,2020/11/2
2893,GS550,NB12,15,2020/11/2
2894,GV550,NB12,9,2020/11/2
2895,GS450,NB12,250,2020/11/2
2896,GX4A0,NB01,1,2020/9/14
2897,GX4A0,NB01,6,2020/9/14
2898,GYGB0,NB12,100,2020/11/2
2899,GS550,NB12,300,2020/10/19
2900,GS550,NB12,132,2020/10/19
2901,GL4A0,NB01,300,2020/10/9
2902,GL4A0,NB01,200,2020/10/9
2903,HS355,NB12,5,2020/11/2
2904,GV550,NB12,5,2020/11/2
2905,FYG40,NB01,1,2020/11/3
2906,GP540,NB01,1,2020/11/3
2907,GP540,NB01,1,2020/11/3
2908,GP540,NB01,1,2020/11/3
2909,GP540,NB01,1,2020/11/3
2910,GP540,NB01,1,2020/11/3
2911,GP540,NB01,1,2020/11/3
2912,GP540,NB01,1,2020/11/3
2913,GP540,NB01,1,2020/11/3
2914,GX4A0,NB01,1,2020/11/3
2915,GYG50,NB01,300,2020/9/30
2916,GYG50,NB01,200,2020/9/30
2917,FE5A0,NB01,2,2020/9/28
2918,GYG50,NB01,1,2020/9/28
2919,GL5A0,NB01,5,2020/9/28
2920,HC150,NB12,3,2020/11/2
2921,GP540,NB01,1,2020/9/29
2922,GL4A0,NB01,2,2020/9/29
2923,GL4A0,NB01,300,2020/9/29
2924,GL4A0,NB01,198,2020/9/29
2925,FE5A0,NB01,2,2020/9/29
2926,GP540,NB01,2,2020/9/29
2927,GP540,NB01,1,2020/11/3
2928,GE420,NB01,1,2020/9/15
2929,GS550,NB12,15,2020/11/2
2930,GY510,NB12,40,2020/10/22
2931,FYG40,NB01,1,2020/11/5
2932,GYG50,NB01,3,2020/9/29
2933,GV451,NB12,15,2020/11/2
2934,GY559,NB12,3,2020/11/2
2935,GL5A0,NB01,1,2020/9/29
2936,GT5A1,NB01,1,2020/9/29
2937,GX4A0,NB01,2,2020/10/7
2938,GX4A0,NB01,123,2020/10/7
2939,GX4A0,NB01,2,2020/10/7
2940,GX4A0,NB01,123,2020/10/7
2941,GY559,NB12,3,2020/11/2
2942,GYG50,NB01,1,2020/9/30
2943,GT4A0,NB01,3,2020/11/3
2944,FP531,NB01,1,2020/11/3
2945,FP531,NB01,1,2020/11/3
2946,FP531,NB01,1,2020/11/3
2947,FYG40,NB01,5,2020/11/3
2948,FYG40,NB01,5,2020/11/3
2949,FP531,NB01,1,2020/11/3
2950,FYG41,NB12,1,2020/11/3
2951,FS44A,NB12,141,2020/11/5
2952,FX490,NB01,3,2020/11/3
2953,FP531,NB01,5,2020/11/4
2954,GE520,NB01,1,2020/9/15
2955,GE520,NB01,1,2020/9/15
2956,GE520,NB01,1,2020/9/15
2957,HC150,NB12,130,2020/10/1
2958,GE420,NB01,1,2020/9/15
2959,GE420,NB01,1,2020/9/15
2960,GE420,NB01,1,2020/9/15
2961,GE420,NB01,1,2020/9/15
2962,GE420,NB01,1,2020/9/15
2963,GE520,NB01,1,2020/9/16
2964,GS454,NB12,100,2020/11/2
2965,GE420,NB01,1,2020/9/17
2966,GS550,NB12,15,2020/11/2
2967,GS550,NB12,40,2020/11/2
2968,GS550,NB12,40,2020/11/2
2969,GS550,NB12,25,2020/11/2
2970,GS550,NB12,15,2020/11/2
2971,GS550,NB12,15,2020/11/2
2972,GS550,NB12,25,2020/11/2
2973,GS550,NB12,25,2020/11/2
2974,GS550,NB12,20,2020/11/2
2975,GV551,NB12,252,2020/10/15
2976,GY510,NB12,40,2020/10/22
2977,GY510,NB12,40,2020/10/22
2978,GY510,NB12,40,2020/10/22
2979,GL5A0,NB01,2,2020/10/19
2980,GL5A0,NB01,198,2020/10/19
2981,GX3A1,NB01,2,2020/10/19
2982,GL4A0,NB01,168,2020/10/18
2983,GT5A1,NB01,1,2020/10/28
2984,GP540,NB01,4,2020/10/19
2985,GT5A1,NB01,6,2020/10/19
2986,GT4A0,NB01,4,2020/10/19
2987,FX490,NB01,1,2020/11/5
2988,FX490,NB01,1,2020/11/5
2989,FYG40,NB01,1,2020/11/5
2990,GX4A0,NB01,1,2020/11/5
2991,GX4A0,NB01,1,2020/11/5
2992,GX4A0,NB01,1,2020/11/5
2993,GP540,NB01,1,2020/11/5
2994,GP540,NB01,1,2020/11/5
2995,GL5A0,NB01,1,2020/11/5
2996,GX4A0,NB01,1,2020/11/5
2997,FE4A0,NB01,273,2020/9/5
2998,FE4A0,NB01,11,2020/9/5
2999,GL4A0,NB01,250,2020/9/30
3000,FYG40,NB01,1,2020/11/4
3001,GY55H,NB12,300,2020/10/2
3002,GS550,NB12,63,2020/11/2
3003,GT4A0,NB01,2,2020/10/19
3004,FE4A0,NB01,276,2020/9/5
3005,GL4A0,NB01,300,2020/9/30
3006,GL4A0,NB01,300,2020/9/30
3007,GL4A0,NB01,200,2020/9/30
3008,GL5A0,NB01,1,2020/9/30
3009,FE5A0,NB01,1,2020/9/30
3010,GL5A0,NB01,1,2020/9/30
3011,HC130,NB12,25,2020/11/2
3012,GYG50,NB01,1,2020/10/2
3013,FE5A0,NB01,3,2020/9/30
3014,FE5A0,NB01,1,2020/9/30
3015,GYG50,NB01,10,2020/9/30
3016,FYG40,NB01,1,2020/11/4
3017,FYG40,NB01,1,2020/11/4
3018,FYG40,NB01,1,2020/11/4
3019,FYG40,NB01,1,2020/11/4
3020,FX490,NB01,1,2020/11/4
3021,FX490,NB01,2,2020/11/4
3022,FX490,NB01,1,2020/11/4
3023,FX490,NB01,4,2020/11/4
3024,FX490,NB01,1,2020/11/4
3025,GP540,NB01,1,2020/11/4
3026,GP540,NB01,1,2020/11/4
3027,GP740,NB01,1,2020/9/21
3028,GS454,NB12,1,2020/10/19
3029,GE420,NB01,1,2020/9/20
3030,FE4A0,NB01,71,2020/9/22
3031,HC131,NB12,300,2020/10/22
3032,HC131,NB12,300,2020/10/22
3033,HC131,NB12,300,2020/10/22
3034,HC131,NB12,100,2020/10/22
3035,HC131,NB12,300,2020/10/1
3036,HC131,NB12,300,2020/10/1
3037,HC131,NB12,300,2020/10/1
3038,GS550,NB12,21,2020/11/2
3039,GV551,NB12,63,2020/10/15
3040,FG542,NB12,75,2020/10/28
3041,FG542,NB12,150,2020/10/28
3042,FG542,NB12,150,2020/11/2
3043,FG542,NB12,50,2020/11/2
3044,GS540,NB12,300,2020/11/2
3045,EG53A,NB12,140,2020/7/20
3046,GV551,NB12,200,2020/11/2
3047,GV551,NB12,150,2020/10/15
3048,GL5A0,NB01,15,2020/10/19
3049,GL4A0,NB01,50,2020/10/19
3050,GL5A0,NB01,15,2020/10/19
3051,GY510,NB12,3,2020/10/22
3052,GL5A0,NB01,30,2020/10/19
3053,GT4A0,NB01,2,2020/10/19
3054,GT4A0,NB01,300,2020/10/19
3055,GT4A0,NB01,38,2020/10/19
3056,GY510,NB12,10,2020/10/22
3057,GX3A1,NB01,2,2020/10/19
3058,GL4A0,NB01,2,2020/10/22
3059,GS55E,NB12,180,2020/10/1
3060,GY55K,NB12,74,2020/10/2
3061,GS346,NB12,116,2020/10/9
3062,GS55E,NB12,240,2020/8/10
3063,GY550,NB12,14,2020/7/31
3064,GS558,NB12,93,2020/9/10
3065,GY55K,NB12,192,2020/11/1
3066,GY55K,NB12,224,2020/11/1
3067,GY55K,NB12,224,2020/11/1
3068,GY55K,NB12,224,2020/11/1
3069,GY55K,NB12,224,2020/11/1
3070,GX4A0,NB01,1,2020/11/5
3071,HC131,NB12,100,2020/10/1
3072,GV551,NB12,100,2020/10/15
3073,GL4A0,NB01,15,2020/10/19
3074,GY55K,NB12,224,2020/10/1
3075,GL4A0,NB01,40,2020/10/1
3076,FYG40,NB01,1,2020/11/4
3077,HC150,NB12,1,2020/11/2
3078,GL5A0,NB01,1,2020/10/1
3079,GX4A0,NB01,50,2020/10/7
3080,GP540,NB01,2,2020/10/1
3081,GL4A0,NB01,11,2020/10/1
3082,FE5A0,NB01,1,2020/10/1
3083,FYG50,NB12,1,2020/10/2
3084,FYG50,NB12,1,2020/10/2
3085,FE5A0,NB01,1,2020/10/3
3086,GX4A0,NB01,5,2020/10/4
3087,GL4A0,NB01,6,2020/10/4
3088,GP540,NB01,1,2020/11/4
3089,GP540,NB01,1,2020/11/4
3090,GP540,NB01,1,2020/11/4
3091,GP740,NB01,1,2020/11/13
3092,FX490,NB01,5,2020/11/5
3093,GP540,NB01,1,2020/11/4
3094,FYG40,NB01,4,2020/11/4
3095,FYG40,NB01,1,2020/11/4
3096,GX4A0,NB01,1,2020/11/4
3097,GYG50,NB01,1,2020/11/4
3098,GL5A0,NB01,1,2020/11/4
3099,GX4A0,NB01,5,2020/10/4
3100,GP740,NB01,1,2020/11/4
3101,GYG50,NB01,10,2020/10/5
3102,GT4A1,NB01,2,2020/10/5
3103,GYG50,NB01,2,2020/10/7
3104,GL4A0,NB01,1,2020/10/5
3105,GL4A0,NB01,15,2020/10/5
3106,GL4A0,NB01,4,2020/10/5
3107,GL4A0,NB01,5,2020/10/5
3108,GL4A0,NB01,10,2020/10/5
3109,GL4A0,NB01,4,2020/10/5
3110,GL4A0,NB01,6,2020/10/5
3111,GV551,NB12,282,2020/10/19
3112,GL5A0,NB01,1,2020/11/4
3113,GP540,NB01,1,2020/11/4
3114,GP540,NB01,1,2020/11/4
3115,GX4A0,NB01,1,2020/11/4
3116,GP540,NB01,1,2020/11/4
3117,GP54G,NB01,1,2020/11/4
3118,GP540,NB01,1,2020/11/5
3119,GP540,NB01,1,2020/11/5
3120,GX4A0,NB01,1,2020/11/5
3121,GP540,NB01,1,2020/11/5
3122,GP54G,NB01,1,2020/11/5
3123,GT5A1,NB01,1,2020/11/5
3124,HC131,NB12,300,2020/10/22
3125,HC131,NB12,300,2020/10/22
3126,HC131,NB12,300,2020/10/22
3127,HC131,NB12,100,2020/10/22
3128,HC131,NB12,300,2020/10/22
3129,HC131,NB12,300,2020/10/22
3130,HC131,NB12,300,2020/10/22
3131,HC131,NB12,100,2020/10/22
3132,HC131,NB12,300,2020/10/1
3133,HC131,NB12,300,2020/10/1
3134,GV551,NB12,30,2020/10/15
3135,GV551,NB12,63,2020/10/15
3136,GV551,NB12,63,2020/10/15
3137,FYG80,NB12,93,2020/10/1
3138,GV551,NB12,252,2020/10/15
3139,GS554,NB12,1,2020/10/7
3140,GS552,NB12,50,2020/11/2
3141,GS552,NB12,63,2020/11/2
3142,GV551,NB12,75,2020/11/2
3143,GV551,NB12,75,2020/10/15
3144,GV551,NB12,100,2020/11/2
3145,GY510,NB12,2,2020/10/22
3146,GX3A1,NB01,5,2020/10/19
3147,GYG50,NB01,23,2020/10/19
3148,GL5A0,NB01,2,2020/10/20
3149,GL5A0,NB01,1,2020/10/20
3150,GT4A0,NB01,300,2020/10/20
3151,GT4A0,NB01,300,2020/10/20
3152,GL5A0,NB01,1,2020/10/20
3153,GL5A0,NB01,1,2020/10/20
3154,GX3A1,NB01,1,2020/10/20
3155,GX3A1,NB01,1,2020/10/20
3156,GL5A0,NB01,10,2020/10/20
3157,GY55K,NB12,224,2020/11/1
3158,GY55K,NB12,224,2020/11/1
3159,GY55K,NB12,182,2020/10/1
3160,GY55K,NB12,224,2020/11/1
3161,GY55K,NB12,224,2020/10/1
3162,GY55K,NB12,224,2020/10/1
3163,GY55K,NB12,224,2020/11/1
3164,GY55K,NB12,224,2020/10/1
3165,GY55K,NB12,224,2020/10/1
3166,GY55K,NB12,113,2020/10/1
3167,GY55K,NB12,224,2020/10/1
3168,FP530,NB01,1,2020/10/5
3169,GL5A0,NB01,1,2020/11/5
3170,HC131,NB12,300,2020/10/1
3171,FYG80,NB12,69,2020/10/1
3172,FL490,NB01,50,2020/10/20
3173,GY55K,NB12,224,2020/10/1
3174,GY55K,NB12,224,2020/10/1
3175,GY55K,NB12,224,2020/10/1
3176,GY55K,NB12,224,2020/10/1
3177,GY55K,NB12,224,2020/10/1
3178,GY55K,NB12,224,2020/10/1
3179,GY55K,NB12,224,2020/11/1
3180,GY55K,NB12,224,2020/10/1
3181,GY55K,NB12,224,2020/10/1
3182,GY55K,NB12,224,2020/10/1
3183,GY55W,NB12,166,2020/10/15
3184,GL5A0,NB01,30,2020/10/20
3185,GL5A0,NB01,1,2020/10/20
3186,GYG50,NB01,5,2020/10/20
3187,GL4A0,NB01,1,2020/10/20
3188,GL4A0,NB01,1,2020/10/20
3189,GL4A0,NB01,33,2020/10/20
3190,GL4A0,NB01,1,2020/10/20
3191,GL4A0,NB01,1,2020/10/20
3192,GL4A0,NB01,1,2020/10/20
3193,GL4A0,NB01,1,2020/10/20
3194,GL4A0,NB01,1,2020/10/20
3195,GV551,NB12,120,2020/10/15
3196,GV551,NB12,90,2020/10/15
3197,GV551,NB12,120,2020/10/15
3198,GV551,NB12,90,2020/10/15
3199,GS554,NB12,63,2020/11/2
3200,GS554,NB12,126,2020/11/2
3201,GV551,NB12,63,2020/11/2
3202,GV551,NB12,63,2020/11/2
3203,FYG80,NB12,40,2020/10/1
3204,FS54A,NB12,300,2020/11/2
3205,HC131,NB12,100,2020/10/1
3206,HC131,NB12,300,2020/10/22
3207,HC131,NB12,300,2020/10/22
3208,HC131,NB12,300,2020/10/22
3209,HC131,NB12,23,2020/10/22
3210,HC131,NB12,300,2020/10/22
3211,HC131,NB12,300,2020/10/22
3212,HC131,NB12,300,2020/10/22
3213,HC131,NB12,100,2020/10/22
3214,HC131,NB12,300,2020/10/22
3215,HC131,NB12,300,2020/10/22
3216,HC131,NB12,300,2020/10/22
3217,FYG40,NB01,1,2020/11/5
3218,GP540,NB01,1,2020/11/5
3219,GE420,NB01,2,2020/11/9
3220,GX4A0,NB01,1,2020/11/5
3221,GL5A0,NB01,1,2020/11/5
3222,GP540,NB01,1,2020/11/5
3223,GP540,NB01,1,2020/11/5
3224,GX4A0,NB01,1,2020/11/5
3225,GP540,NB01,1,2020/11/5
3226,GP54G,NB01,1,2020/11/5
3227,GX4A0,NB01,1,2020/11/5
3228,GP54G,NB01,1,2020/11/5
3229,GT4A1,NB01,1,2020/10/5
3230,GX4A0,NB01,1,2020/10/6
3231,GL4A0,NB01,25,2020/10/9
3232,GYG50,NB01,2,2020/10/6
3233,GYG50,NB01,20,2020/10/6
3234,FYG50,NB12,10,2020/10/19
3235,FYG50,NB12,1,2020/10/9
3236,GX4A0,NB01,2,2020/10/9
3237,FYG41,NB12,1,2020/10/6
3238,GT4A1,NB01,5,2020/10/6
3239,GP740,NB01,1,2020/10/9